time_ms,dist_mm,target_mmps,speedA_mmps,speedB_mmps,pwmA,pwmB
755430,601.0,0.0,111.4,112.8,112.8,1082312698
755480,601.0,0.0,111.4,104.0,104.0,1082312700
755530,601.0,0.0,111.4,118.8,118.8,1082312701
755580,601.0,0.0,111.4,104.0,104.0,1082312702
755630,601.0,0.0,111.4,118.8,104.0,1082312702
755680,601.0,0.0,111.4,104.0,118.8,1082312703
755730,601.0,0.0,111.4,118.8,118.8,1082312703
755780,601.0,0.0,111.4,104.0,104.0,1082312703
755830,601.0,0.0,111.4,118.8,118.8,1082312703
755880,601.0,0.0,111.4,104.0,104.0,1082312703
755930,601.0,0.0,111.4,118.8,118.8,1082312703
755980,601.0,0.0,111.4,104.0,104.0,1082312703
756030,601.0,0.0,111.4,104.0,104.0,1082312703
756080,601.0,0.0,111.4,133.7,118.8,1082312703
756130,601.0,0.0,111.4,89.1,118.8,1082312703
756180,601.0,0.0,111.4,118.8,104.0,1082312703
756230,601.0,0.0,111.4,118.8,104.0,1082312703
756280,601.0,0.0,111.4,89.1,133.7,1082312703
756330,601.0,0.0,111.4,133.7,104.0,1082312703
756380,601.0,0.0,111.4,104.0,89.1,1082312703
756430,601.0,0.0,111.4,104.0,133.7,1082312703
756480,601.0,0.0,111.4,118.8,104.0,1082312703
756530,601.0,0.0,111.4,104.0,118.8,1082312703
756580,601.0,0.0,111.4,118.8,104.0,1082312703
756630,601.0,0.0,111.4,104.0,104.0,1082312703
756680,601.0,0.0,111.4,118.8,118.8,1082312703
756730,601.0,0.0,111.4,104.0,118.8,1082312703
756780,601.0,0.0,111.4,118.8,104.0,1082312703
756830,601.0,0.0,111.4,118.8,118.8,1082312703
756880,601.0,0.0,111.4,89.1,104.0,1082312703
756930,601.0,0.0,111.4,133.7,118.8,1082312703
756980,601.0,0.0,111.4,104.0,104.0,1082312703
757030,601.0,0.0,111.4,104.0,104.0,1082312703
757080,601.0,0.0,111.4,118.8,133.7,1082312703
757130,601.0,0.0,111.4,104.0,89.1,1082312703
757180,601.0,0.0,111.4,133.7,133.7,1082312703
757230,601.0,0.0,111.4,89.1,89.1,1082312703
757280,601.0,0.0,111.4,118.8,133.7,1082312703
757330,601.0,0.0,111.4,118.8,104.0,1082312703
757380,601.0,0.0,111.4,104.0,104.0,1082312703
757430,601.0,0.0,111.4,104.0,118.8,1082312703
757480,601.0,0.0,111.4,133.7,118.8,1082312703
757530,601.0,0.0,111.4,104.0,89.1,1082312703
757580,601.0,0.0,111.4,104.0,133.7,1082312703
757630,601.0,0.0,111.4,118.8,104.0,1082312703
757680,601.0,0.0,111.4,104.0,104.0,1082312703
757730,601.0,0.0,111.4,104.0,104.0,1082312703
757780,601.0,0.0,111.4,133.7,133.7,1082312703
757830,601.0,0.0,111.4,104.0,104.0,1082312703
757880,601.0,0.0,111.4,104.0,104.0,1082312703
757930,601.0,0.0,111.4,118.8,118.8,1082312703
757980,601.0,0.0,111.4,104.0,104.0,1082312703
758030,601.0,0.0,111.4,118.8,118.8,1082312703
758080,601.0,0.0,111.4,104.0,104.0,1082312703
758130,601.0,0.0,111.4,118.8,118.8,1082312703
758180,601.0,0.0,111.4,104.0,118.8,1082312703
758230,601.0,0.0,111.4,118.8,104.0,1082312703
758280,601.0,0.0,111.4,104.0,104.0,1082312703
758330,601.0,0.0,111.4,118.8,118.8,1082312703
758380,601.0,0.0,111.4,118.8,118.8,1082312703
758430,601.0,0.0,111.4,89.1,89.1,1082312703
758480,601.0,0.0,111.4,133.7,118.8,1082312703
758530,601.0,0.0,111.4,104.0,118.8,1082312703
758580,601.0,0.0,111.4,104.0,104.0,1082312703
758630,601.0,0.0,111.4,104.0,104.0,1082312703
758680,601.0,0.0,111.4,133.7,133.7,1082312703
758730,784.3,300.0,111.4,104.0,104.0,1082688102
758780,888.6,300.0,111.4,104.0,104.0,1082901729
758830,802.3,-300.0,111.4,118.8,104.0,1082725021
758880,891.9,300.0,111.4,104.0,133.7,1082908526
758930,952.6,300.0,111.4,104.0,104.0,1083032678
758980,982.7,300.0,111.4,133.7,89.1,1083094395
759030,998.1,300.0,111.4,104.0,133.7,1083125923
759080,1006.5,167.5,111.4,89.1,118.8,1083143077
759130,1005.7,-14.7,111.4,133.7,89.1,1083141568
759180,1014.8,181.7,111.4,104.0,118.8,1083160173
759230,1011.0,-76.8,111.4,118.8,118.8,1083152306
759280,1010.7,-5.8,111.4,104.0,104.0,1083151715
759330,1010.7,0.0,111.4,104.0,104.0,1083151715
759380,1000.0,-214.0,111.4,133.7,133.7,1083129797
759430,1000.0,0.0,111.4,89.1,89.1,1083129797
759480,993.1,-137.8,111.4,133.7,133.7,1083115683
759530,993.1,0.0,111.4,89.1,104.0,1083115683
759580,989.2,-78.5,111.4,133.7,104.0,1083107647
759630,872.7,-300.0,111.4,104.0,118.8,1082869164
759680,791.2,-300.0,111.4,104.0,118.8,1082702226
759730,734.1,-300.0,111.4,118.8,104.0,1082585369
759780,734.1,0.0,111.4,104.0,89.1,1082585369
759830,694.2,-300.0,111.4,118.8,148.5,1082503569
759880,666.2,-300.0,111.4,118.8,104.0,1082446310
759930,646.7,-300.0,111.4,104.0,104.0,1082406228
759980,633.0,-274.0,111.4,104.0,118.8,1082378171
760030,818.1,300.0,111.4,118.8,104.0,1082757276
760080,932.7,300.0,111.4,104.0,118.8,1082991930
760130,988.0,300.0,111.4,118.8,104.0,1083105192
760180,1018.6,300.0,111.4,104.0,104.0,1083167887
760230,1028.6,200.6,111.4,118.8,133.7,1083183717
760280,1025.7,-57.6,111.4,104.0,89.1,1083180768
760330,1007.2,-300.0,111.4,118.8,118.8,1083144608
760380,991.5,-300.0,111.4,104.0,118.8,1083112535
760430,977.0,-291.3,111.4,118.8,104.0,1083082710
760480,956.6,-300.0,111.4,104.0,104.0,1083040943
760530,932.7,-300.0,111.4,118.8,133.7,1082992046
760580,903.1,-300.0,111.4,118.8,104.0,1082931398
760630,883.3,-300.0,111.4,104.0,104.0,1082890788
760680,856.5,-300.0,111.4,104.0,104.0,1082835942
760730,832.6,-300.0,111.4,118.8,118.8,1082787105
760780,814.1,-300.0,111.4,118.8,118.8,1082749233
760830,789.5,-300.0,111.4,104.0,104.0,1082698760
760880,771.4,-300.0,111.4,104.0,118.8,1082661586
760930,754.1,-300.0,111.4,118.8,104.0,1082626349
760980,740.6,-270.9,111.4,118.8,118.8,1082598610
761030,726.0,-291.6,111.4,104.0,104.0,1082568749
761080,715.5,-210.1,111.4,118.8,104.0,1082547231
761130,708.5,-141.1,111.4,104.0,118.8,1082532783
761180,699.6,-176.8,111.4,104.0,118.8,1082514683
761230,707.5,158.3,111.4,133.7,104.0,1082530889
761280,694.5,-261.2,111.4,104.0,118.8,1082504140
761330,709.3,297.1,111.4,104.0,104.0,1082534569
761380,739.5,300.0,111.4,104.0,118.8,1082596419
761430,761.3,300.0,111.4,133.7,104.0,1082640943
761480,767.5,124.4,111.4,104.0,118.8,1082653677
761530,787.7,300.0,111.4,104.0,104.0,1082695155
761580,731.7,-300.0,111.4,118.8,118.8,1082580419
761630,812.2,300.0,111.4,104.0,104.0,1082745250
761680,748.8,-300.0,111.4,118.8,118.8,1082615486
761730,871.6,300.0,111.4,104.0,104.0,1082866872
761780,790.4,-300.0,111.4,118.8,118.8,1082700622
761830,733.6,-300.0,111.4,104.0,104.0,1082584246
761880,693.8,-300.0,111.4,118.8,118.8,1082502783
761930,666.0,-300.0,111.4,118.8,104.0,1082445759
761980,775.8,300.0,111.4,104.0,118.8,1082670649
762030,723.3,-300.0,111.4,104.0,104.0,1082563265
762080,686.6,-300.0,111.4,118.8,118.8,1082488097
762130,660.9,-300.0,111.4,118.8,104.0,1082435479
762180,643.0,-300.0,111.4,104.0,118.8,1082398646
762230,630.4,-251.8,111.4,104.0,118.8,1082372863
762280,621.6,-176.2,111.4,118.8,89.1,1082354815
762330,615.4,-123.4,111.4,118.8,133.7,1082342182
762380,611.1,-86.4,111.4,104.0,104.0,1082333338
762430,608.1,-60.5,111.4,104.0,104.0,1082327148
762480,605.9,-42.3,111.4,118.8,118.8,1082322815
762530,604.5,-29.6,111.4,118.8,118.8,1082319781
762580,603.4,-20.7,111.4,104.0,104.0,1082317658
762630,602.7,-14.5,111.4,118.8,118.8,1082316172
762680,729.4,300.0,111.4,104.0,104.0,1082575637
762730,729.6,3.7,111.4,118.8,118.8,1082576014
762780,719.8,-195.4,111.4,104.0,104.0,1082556004
762830,672.5,-300.0,111.4,118.8,118.8,1082459052
762880,640.5,-300.0,111.4,104.0,104.0,1082393643
762930,605.9,-300.0,111.4,118.8,118.8,1082322667
762980,585.5,-300.0,371.3,104.0,104.0,1082280971
763030,586.6,21.0,371.3,282.2,282.2,1082283118
763080,603.8,300.0,111.4,356.4,356.4,1082318413
763130,641.7,300.0,111.4,118.8,118.8,1082395958
763180,672.1,300.0,111.4,29.7,44.6,1082458226
763230,707.1,300.0,111.4,163.4,163.4,1082530077
763280,742.8,300.0,111.4,148.5,133.7,1082603105
763330,776.8,300.0,111.4,104.0,104.0,1082672656
763380,828.7,300.0,111.4,104.0,118.8,1082779096
763430,867.8,300.0,111.4,133.7,133.7,1082859134
763480,917.4,300.0,111.4,118.8,104.0,1082960625
763530,970.1,300.0,111.4,118.8,118.8,1083068534
763580,1047.1,300.0,111.4,104.0,118.8,1083202703
763630,913.3,-300.0,111.4,133.7,118.8,1082952290
763680,819.6,-300.0,111.4,104.0,118.8,1082760414
763730,754.0,-300.0,111.4,118.8,104.0,1082626101
763780,708.1,-300.0,111.4,118.8,118.8,1082532082
763830,708.1,0.0,111.4,104.0,104.0,1082532082
763880,676.0,-300.0,111.4,118.8,133.7,1082466268
763930,676.0,0.0,111.4,118.8,104.0,1082466268
763980,653.5,-300.0,111.4,118.8,118.8,1082420199
764030,653.5,0.0,111.4,89.1,104.0,1082420199
764080,637.7,-300.0,111.4,148.5,133.7,1082387950
764130,723.0,300.0,111.4,104.0,89.1,1082562599
764180,686.4,-300.0,111.4,104.0,89.1,1082487630
764230,660.8,-300.0,111.4,118.8,104.0,1082435152
764280,642.9,-300.0,111.4,104.0,89.1,1082398418
764330,630.3,-251.1,111.4,118.8,89.1,1082372703
764380,749.0,300.0,111.4,104.0,118.8,1082615823
764430,704.6,-300.0,111.4,118.8,118.8,1082524887
764480,673.5,-300.0,111.4,118.8,104.0,1082461232
764530,673.5,0.0,111.4,89.1,74.3,1082461232
764580,651.8,-300.0,111.4,133.7,118.8,1082416674
764630,651.8,0.0,111.4,104.0,89.1,1082416674
764680,636.5,-300.0,111.4,118.8,104.0,1082385483
764730,636.5,0.0,111.4,104.0,89.1,1082385483
764780,625.9,-213.2,111.4,133.7,133.7,1082363649
764830,618.4,-149.3,111.4,89.1,133.7,1082348365
764880,613.2,-104.5,111.4,118.8,133.7,1082337667
764930,609.5,-73.1,111.4,118.8,118.8,1082330178
764980,607.0,-51.2,111.4,104.0,118.8,1082324936
765030,605.2,-35.8,111.4,104.0,118.8,1082321266
765080,603.9,-25.1,111.4,118.8,118.8,1082318697
765130,603.0,-17.6,111.4,118.8,118.8,1082316899
765180,603.0,0.0,111.4,104.0,118.8,1082316899
765230,602.4,-12.3,111.4,118.8,118.8,1082315640
765280,602.0,-8.6,111.4,104.0,118.8,1082314759
765330,601.7,-6.0,111.4,118.8,118.8,1082314143
765380,601.5,-4.2,111.4,104.0,118.8,1082313711
765430,601.3,-3.0,111.4,104.0,104.0,1082313409
765480,601.2,-2.1,111.4,118.8,118.8,1082313197
765530,601.2,-1.4,111.4,118.8,104.0,1082313049
765580,601.2,0.0,111.4,89.1,118.8,1082313049
765630,601.1,-1.0,111.4,133.7,104.0,1082312945
765680,601.1,-0.7,111.4,118.8,118.8,1082312873
765730,601.1,-0.5,111.4,89.1,104.0,1082312822
765780,601.1,0.0,111.4,104.0,89.1,1082312822
765830,601.0,-0.3,111.4,148.5,133.7,1082312787
765880,601.0,0.0,111.4,89.1,89.1,1082312787
765930,601.0,-0.2,111.4,118.8,104.0,1082312762
765980,601.0,0.0,111.4,104.0,89.1,1082312762
766030,601.0,-0.2,111.4,118.8,118.8,1082312744
766080,601.0,0.0,111.4,104.0,89.1,1082312744
766130,601.0,-0.1,111.4,133.7,89.1,1082312732
766180,601.0,0.0,111.4,89.1,104.0,1082312732
766230,601.0,-0.1,111.4,118.8,104.0,1082312723
766280,601.0,-0.1,111.4,118.8,89.1,1082312717
766330,601.0,0.0,111.4,89.1,104.0,1082312717
766380,601.0,-0.0,111.4,133.7,104.0,1082312713
766430,601.0,0.0,111.4,89.1,74.3,1082312713
766480,601.0,-0.0,111.4,89.1,133.7,1082312710
766530,601.0,-0.0,111.4,104.0,89.1,1082312708
766580,601.0,-0.0,111.4,104.0,89.1,1082312707
766630,601.0,-0.0,111.4,89.1,118.8,1082312706
766680,601.0,-0.0,111.4,89.1,118.8,1082312705
766730,601.0,-0.0,111.4,104.0,89.1,1082312705
766780,601.0,-0.0,111.4,89.1,104.0,1082312704
766830,601.0,-0.0,111.4,104.0,104.0,1082312704
766880,601.0,-0.0,111.4,104.0,104.0,1082312704
766930,601.0,-0.0,111.4,89.1,118.8,1082312704
766980,601.0,-0.0,111.4,104.0,104.0,1082312704
767030,601.0,0.0,111.4,133.7,104.0,1082312704
767080,601.0,0.0,111.4,118.8,104.0,1082312704
767130,601.0,0.0,111.4,104.0,118.8,1082312704
767180,601.0,0.0,111.4,118.8,104.0,1082312704
767230,601.0,0.0,111.4,118.8,104.0,1082312704
767280,601.0,0.0,111.4,118.8,74.3,1082312704
767330,601.0,0.0,111.4,104.0,89.1,1082312704
767380,601.0,0.0,111.4,118.8,104.0,1082312704
767430,601.0,0.0,111.4,118.8,118.8,1082312704
767480,601.0,0.0,111.4,104.0,104.0,1082312704
767530,601.0,0.0,111.4,118.8,133.7,1082312704
767580,601.0,0.0,111.4,104.0,118.8,1082312704
767630,601.0,0.0,111.4,104.0,104.0,1082312704
767680,477.4,-300.0,257.0,104.0,133.7,1081988710
767730,372.3,-300.0,139.9,193.1,222.8,1081558138
767780,277.7,-300.0,34.6,178.2,178.2,1081170722
767830,210.3,-300.0,0.0,0.0,59.4,1080707376
767880,158.6,-300.0,0.0,29.7,44.6,1080283963
767930,118.8,-300.0,0.0,44.6,59.4,1079882886
767980,94.3,-300.0,0.0,44.6,44.6,1079480721
768030,75.9,-300.0,0.0,44.6,44.6,1079179545
768080,64.8,-221.4,0.0,-29.7,-29.7,1078998212
768130,57.7,-142.9,0.0,0.0,14.9,1078777517
768180,53.0,-94.1,0.0,0.0,14.9,1078623404
768230,49.1,-77.8,0.0,0.0,0.0,1078495864
768280,46.4,-54.5,0.0,0.0,0.0,1078406586
768330,44.5,-38.1,0.0,0.0,0.0,1078344092
768380,43.7,-14.7,0.0,0.0,0.0,1078320007
768430,43.5,-4.3,0.0,0.0,0.0,1078312977
768480,41.6,-39.0,0.0,0.0,0.0,1078249074
768530,39.0,-51.3,0.0,0.0,0.0,1078165021
768580,34.8,-83.9,0.0,0.0,0.0,1078027540
768630,29.5,-106.7,0.0,0.0,0.0,1077769193
768680,26.0,-68.7,0.0,0.0,0.0,1077544022
768730,23.3,-54.1,0.0,0.0,0.0,1077366742
768780,22.6,-13.9,0.0,0.0,0.0,1077321289
768830,22.4,-3.7,0.0,0.0,0.0,1077309132
768880,23.2,15.4,0.0,0.0,0.0,1077359605
768930,23.1,-1.2,0.0,0.0,0.0,1077355615
768980,22.2,-18.9,0.0,0.0,0.0,1077293839
769030,22.7,10.8,0.0,0.0,0.0,1077329239
769080,23.1,7.6,0.0,0.0,0.0,1077354019
769130,23.7,11.3,0.0,0.0,0.0,1077391026
769180,23.8,1.9,0.0,0.0,0.0,1077397270
769230,22.6,-22.7,0.0,0.0,0.0,1077322998
769280,23.4,14.1,0.0,0.0,0.0,1077369311
769330,23.2,-2.1,0.0,0.0,0.0,1077362409
769380,23.2,-1.5,0.0,0.0,0.0,1077357577
769430,23.1,-1.0,0.0,0.0,0.0,1077354195
769480,23.4,5.3,0.0,0.0,0.0,1077371489
769530,23.3,-2.3,0.0,0.0,0.0,1077363933
769580,22.3,-19.6,0.0,0.0,0.0,1077299662
769630,23.7,28.3,0.0,0.0,0.0,1077392298
769680,23.5,-4.2,0.0,0.0,0.0,1077378499
769730,23.6,3.1,0.0,0.0,0.0,1077388501
769780,23.8,2.1,0.0,0.0,0.0,1077395503
769830,24.1,7.5,0.0,0.0,0.0,1077420065
769880,24.1,-0.8,0.0,0.0,0.0,1077417597
769930,24.1,-0.5,0.0,0.0,0.0,1077415870
769980,23.4,-12.4,0.0,0.0,0.0,1077375339
770030,22.7,-14.7,0.0,0.0,0.0,1077327307
770080,21.3,-28.3,0.0,0.0,0.0,1077234702
770130,19.4,-37.8,0.0,0.0,0.0,1077110896
770180,19.0,-8.4,0.0,0.0,0.0,1077083214
770230,19.0,0.1,0.0,0.0,0.0,1077083498
770280,18.4,-11.9,0.0,0.0,0.0,1077044375
770330,18.9,9.6,0.0,0.0,0.0,1077075971
770380,18.9,0.7,0.0,0.0,0.0,1077078428
770430,19.2,6.5,0.0,0.0,0.0,1077099808
770480,19.8,10.6,0.0,0.0,0.0,1077134435
770530,19.2,-10.6,0.0,0.0,0.0,1077099692
770580,18.0,-25.4,0.0,0.0,0.0,1077016389
770630,16.8,-23.8,0.0,0.0,0.0,1076938416
770680,16.8,1.3,0.0,0.0,0.0,1076942818
770730,17.2,6.9,0.0,0.0,0.0,1076965559
770780,17.1,-1.1,0.0,0.0,0.0,1076961818
770830,18.0,17.2,0.0,0.0,0.0,1077018181
770880,18.3,6.0,0.0,0.0,0.0,1077037975
770930,17.0,-25.8,0.0,0.0,0.0,1076953526
770980,17.0,-0.0,0.0,0.0,0.0,1076953395
771030,16.4,-12.0,0.0,0.0,0.0,1076913981
771080,16.6,3.6,0.0,0.0,0.0,1076925713
771130,17.0,8.5,0.0,0.0,0.0,1076953586
771180,15.8,-24.0,0.0,0.0,0.0,1076862035
771230,15.6,-4.8,0.0,0.0,0.0,1076830368
771280,15.7,2.6,0.0,0.0,0.0,1076847523
771330,16.1,7.8,0.0,0.0,0.0,1076893203
771380,15.2,-18.5,0.0,0.0,0.0,1076777498
771430,15.1,-1.0,0.0,0.0,0.0,1076771193
771480,15.4,5.3,0.0,0.0,0.0,1076806100
771530,15.6,3.7,0.0,0.0,0.0,1076830536
771580,16.3,14.6,0.0,0.0,0.0,1076906918
771630,15.9,-7.8,0.0,0.0,0.0,1076875342
771680,17.4,30.6,0.0,0.0,0.0,1076981582
771730,17.9,9.4,0.0,0.0,0.0,1077012355
771780,17.0,-17.4,0.0,0.0,0.0,1076955253
771830,17.3,5.8,0.0,0.0,0.0,1076974264
771880,17.2,-1.9,0.0,0.0,0.0,1076967911
771930,16.6,-13.4,0.0,0.0,0.0,1076924143
771980,17.0,8.6,0.0,0.0,0.0,1076952487
772030,17.6,12.1,0.0,0.0,0.0,1076991989
772080,18.0,8.4,0.0,0.0,0.0,1077019640
772130,17.7,-6.1,0.0,0.0,0.0,1076999674
772180,19.0,25.7,0.0,0.0,0.0,1077084002
772230,19.3,6.0,0.0,0.0,0.0,1077103710
772280,19.5,4.2,0.0,0.0,0.0,1077117506
772330,19.4,-3.1,0.0,0.0,0.0,1077107502
772380,18.9,-8.1,0.0,0.0,0.0,1077080838
772430,19.3,6.3,0.0,0.0,0.0,1077101496
772480,17.7,-31.6,0.0,0.0,0.0,1076997991
772530,18.4,13.9,0.0,0.0,0.0,1077043502
772580,18.9,9.7,0.0,0.0,0.0,1077075360
772630,19.5,12.8,0.0,0.0,0.0,1077117322
772680,17.3,-45.0,0.0,0.0,0.0,1076969747
772730,17.2,-1.5,0.0,0.0,0.0,1076964749
772780,18.0,16.9,0.0,0.0,0.0,1077020233
772830,17.7,-6.1,0.0,0.0,0.0,1077000090
772880,17.5,-4.3,0.0,0.0,0.0,1076985989
772930,18.3,15.0,0.0,0.0,0.0,1077035101
772980,18.3,0.0,0.0,0.0,0.0,1077035101
773030,16.4,-37.5,0.0,0.0,0.0,1076912193
773080,16.4,0.0,0.0,0.0,0.0,1076912193
773130,16.9,9.7,0.0,0.0,0.0,1076944122
773180,16.9,0.0,0.0,0.0,0.0,1076944122
773230,17.2,6.8,0.0,0.0,0.0,1076966473
773280,17.2,0.0,0.0,0.0,0.0,1076966473
773330,16.8,-7.2,0.0,0.0,0.0,1076942796
773380,16.8,0.0,0.0,0.0,0.0,1076942796
773430,17.5,12.9,0.0,0.0,0.0,1076985205
773480,18.5,21.1,0.0,0.0,0.0,1077054213
773530,19.0,8.7,0.0,0.0,0.0,1077082858
773580,18.4,-11.9,0.0,0.0,0.0,1077043927
773630,18.6,3.7,0.0,0.0,0.0,1077055997
773680,17.8,-15.4,0.0,0.0,0.0,1077005463
773730,18.5,13.2,0.0,0.0,0.0,1077048733
773780,18.0,-8.8,0.0,0.0,0.0,1077020039
773830,18.3,5.9,0.0,0.0,0.0,1077039275
773880,18.5,4.1,0.0,0.0,0.0,1077052741
773930,18.1,-9.1,0.0,0.0,0.0,1077022845
773980,18.0,-0.4,0.0,0.0,0.0,1077021578
774030,18.0,-0.3,0.0,0.0,0.0,1077020692
774080,18.0,-0.2,0.0,0.0,0.0,1077020071
774130,18.9,17.9,0.0,0.0,0.0,1077078619
774180,19.2,6.5,0.0,0.0,0.0,1077099942
774230,19.2,-1.4,0.0,0.0,0.0,1077095207
774280,19.4,5.0,0.0,0.0,0.0,1077111554
774330,18.4,-20.5,0.0,0.0,0.0,1077044353
774380,17.7,-14.4,0.0,0.0,0.0,1076997313
774430,18.1,8.0,0.0,0.0,0.0,1077023367
774480,18.4,5.6,0.0,0.0,0.0,1077041605
774530,18.8,9.9,0.0,0.0,0.0,1077074032
774580,17.7,-23.1,0.0,0.0,0.0,1076998427
774630,19.0,25.8,0.0,0.0,0.0,1077083129
774680,19.0,0.1,0.0,0.0,0.0,1077083438
774730,18.7,-5.9,0.0,0.0,0.0,1077063994
774780,18.5,-4.2,0.0,0.0,0.0,1077050383
774830,18.6,3.1,0.0,0.0,0.0,1077060516
774880,19.6,20.2,0.0,0.0,0.0,1077126591
774930,19.2,-9.9,0.0,0.0,0.0,1077094201
774980,19.1,-0.9,0.0,0.0,0.0,1077091189
775030,19.1,-0.6,0.0,0.0,0.0,1077089080
775080,18.2,-18.5,0.0,0.0,0.0,1077028621
775130,17.2,-18.9,0.0,0.0,0.0,1076966640
775180,16.2,-19.2,0.0,0.0,0.0,1076903592
775230,17.1,16.5,0.0,0.0,0.0,1076957762
775280,17.9,17.6,0.0,0.0,0.0,1077015342
775330,18.0,0.3,0.0,0.0,0.0,1077016327
775380,17.7,-5.8,0.0,0.0,0.0,1076997355
775430,18.1,7.9,0.0,0.0,0.0,1077023396
775480,17.8,-6.4,0.0,0.0,0.0,1077002304
775530,18.7,19.5,0.0,0.0,0.0,1077066182
775580,19.1,7.6,0.0,0.0,0.0,1077091236
775630,18.2,-18.6,0.0,0.0,0.0,1077030131
775680,18.4,4.9,0.0,0.0,0.0,1077046339
775730,18.9,9.5,0.0,0.0,0.0,1077077346
775780,19.5,12.6,0.0,0.0,0.0,1077118712
775830,20.3,14.8,0.0,0.0,0.0,1077167329
775880,20.2,-1.6,0.0,0.0,0.0,1077162039
775930,19.5,-13.1,0.0,0.0,0.0,1077119014
775980,19.7,2.8,0.0,0.0,0.0,1077128219
776030,18.0,-34.0,0.0,0.0,0.0,1077016697
776080,17.7,-5.8,0.0,0.0,0.0,1076997614
776130,17.2,-10.1,0.0,0.0,0.0,1076964595
776180,18.0,16.9,0.0,0.0,0.0,1077020125
776230,18.6,11.9,0.0,0.0,0.0,1077058996
776280,19.0,8.3,0.0,0.0,0.0,1077086206
776330,18.4,-12.2,0.0,0.0,0.0,1077046271
776380,18.3,-2.5,0.0,0.0,0.0,1077037976
776430,18.5,4.2,0.0,0.0,0.0,1077051831
776480,18.4,-3.0,0.0,0.0,0.0,1077041869
776530,17.6,-14.1,0.0,0.0,0.0,1076995574
776580,18.1,8.1,0.0,0.0,0.0,1077022150
776630,18.6,11.7,0.0,0.0,0.0,1077060413
776680,19.0,8.2,0.0,0.0,0.0,1077087198
776730,19.6,11.7,0.0,0.0,0.0,1077125608
776780,20.0,8.2,0.0,0.0,0.0,1077152495
776830,20.3,5.7,0.0,0.0,0.0,1077171316
776880,20.5,4.0,0.0,0.0,0.0,1077184491
776930,20.4,-3.2,0.0,0.0,0.0,1077174052
776980,18.8,-32.2,0.0,0.0,0.0,1077068441
777030,18.5,-4.6,0.0,0.0,0.0,1077053496
777080,16.9,-33.2,0.0,0.0,0.0,1076944730
777130,16.6,-5.2,0.0,0.0,0.0,1076927577
777180,15.8,-15.7,0.0,0.0,0.0,1076864943
777230,15.9,1.0,0.0,0.0,0.0,1076871726
777280,17.1,24.7,0.0,0.0,0.0,1076960656
777330,17.4,5.3,0.0,0.0,0.0,1076978046
777380,17.9,9.7,0.0,0.0,0.0,1077009880
777430,18.5,12.8,0.0,0.0,0.0,1077051825
777480,18.7,3.0,0.0,0.0,0.0,1077061525
777530,19.1,8.1,0.0,0.0,0.0,1077087976
777580,19.9,17.7,0.0,0.0,0.0,1077145814
777630,20.0,0.4,0.0,0.0,0.0,1077146978
777680,20.3,6.2,0.0,0.0,0.0,1077167454
777730,20.2,-1.6,0.0,0.0,0.0,1077162127
777780,21.3,22.9,0.0,0.0,0.0,1077237041
777830,20.0,-26.0,0.0,0.0,0.0,1077151855
777880,20.3,5.8,0.0,0.0,0.0,1077170868
777930,20.5,4.1,0.0,0.0,0.0,1077184177
777980,20.1,-9.2,0.0,0.0,0.0,1077154172
778030,19.7,-6.4,0.0,0.0,0.0,1077133168
778080,18.9,-16.5,0.0,0.0,0.0,1077079144
778130,19.8,18.5,0.0,0.0,0.0,1077139631
778180,20.8,18.9,0.0,0.0,0.0,1077201633
778230,20.3,-10.8,0.0,0.0,0.0,1077166391
778280,19.9,-7.5,0.0,0.0,0.0,1077141721
778330,19.9,0.7,0.0,0.0,0.0,1077144114
778380,19.6,-5.5,0.0,0.0,0.0,1077126127
778430,19.1,-9.8,0.0,0.0,0.0,1077093876
778480,19.1,-0.9,0.0,0.0,0.0,1077090961
778530,19.1,-0.6,0.0,0.0,0.0,1077088921
778580,18.8,-6.4,0.0,0.0,0.0,1077067832
778630,18.2,-10.5,0.0,0.0,0.0,1077033408
778680,18.8,10.6,0.0,0.0,0.0,1077068295
778730,18.8,1.5,0.0,0.0,0.0,1077073054
778780,17.7,-23.0,0.0,0.0,0.0,1076997743
778830,19.0,25.9,0.0,0.0,0.0,1077082650
778880,19.0,0.1,0.0,0.0,0.0,1077083103
778930,19.9,18.1,0.0,0.0,0.0,1077142402
778980,19.9,0.7,0.0,0.0,0.0,1077144590
779030,19.6,-5.5,0.0,0.0,0.0,1077126461
779080,19.5,-3.9,0.0,0.0,0.0,1077113771
779130,19.0,-8.7,0.0,0.0,0.0,1077085226
779180,18.1,-18.1,0.0,0.0,0.0,1077025924
779230,18.4,5.3,0.0,0.0,0.0,1077043395
779280,18.0,-8.3,0.0,0.0,0.0,1077016303
779330,17.4,-11.8,0.0,0.0,0.0,1076977677
779380,17.3,-2.3,0.0,0.0,0.0,1076970300
779430,16.0,-25.6,0.0,0.0,0.0,1076885435
779480,15.7,-5.9,0.0,0.0,0.0,1076846748
779530,15.8,1.9,0.0,0.0,0.0,1076858989
779580,17.0,25.3,0.0,0.0,0.0,1076956198
779630,17.3,5.7,0.0,0.0,0.0,1076974926
779680,18.4,22.0,0.0,0.0,0.0,1077047017
779730,18.6,3.4,0.0,0.0,0.0,1077058160
779780,19.0,8.4,0.0,0.0,0.0,1077085621
779830,18.4,-12.1,0.0,0.0,0.0,1077045861
779880,18.6,3.5,0.0,0.0,0.0,1077057350
779930,18.6,0.0,0.0,0.0,0.0,1077057350
779980,18.4,-3.5,0.0,0.0,0.0,1077045732
780030,18.4,0.0,0.0,0.0,0.0,1077045732
780080,18.3,-2.5,0.0,0.0,0.0,1077037600
780130,18.3,0.0,0.0,0.0,0.0,1077037600
780180,17.9,-7.7,0.0,0.0,0.0,1077012246
780230,17.9,0.0,0.0,0.0,0.0,1077012246
780280,18.8,18.6,0.0,0.0,0.0,1077073142
780330,18.8,0.0,0.0,0.0,0.0,1077073142
780380,18.6,-5.0,0.0,0.0,0.0,1077056786
780430,18.6,0.0,0.0,0.0,0.0,1077056786
780480,20.2,32.5,0.0,0.0,0.0,1077163302
780530,21.9,34.8,0.0,0.0,0.0,1077277185
780580,23.2,24.3,0.0,0.0,0.0,1077356903
780630,25.2,41.0,0.0,0.0,0.0,1077491349
780680,27.2,40.7,0.0,0.0,0.0,1077624782
780730,28.7,28.5,0.0,0.0,0.0,1077718186
780780,30.9,44.0,0.0,0.0,0.0,1077862212
780830,33.3,48.8,0.0,0.0,0.0,1077979070
780880,35.3,40.1,0.0,0.0,0.0,1078044830
780930,37.9,52.1,0.0,0.0,0.0,1078130184
780980,38.8,18.5,0.0,0.0,0.0,1078160441
781030,39.8,18.9,0.0,0.0,0.0,1078191451
781080,40.2,7.2,0.0,0.0,0.0,1078203328
781130,41.0,17.1,0.0,0.0,0.0,1078231302
781180,42.2,24.0,0.0,0.0,0.0,1078270545
781230,43.0,16.8,0.0,0.0,0.0,1078298015
781280,44.2,23.7,0.0,0.0,0.0,1078336905
781330,46.9,52.6,0.0,0.0,0.0,1078423110
781380,48.7,36.8,0.0,0.0,0.0,1078483454
781430,50.9,43.8,0.0,0.0,0.0,1078555185
781480,53.3,48.6,0.0,0.0,0.0,1078634889
781530,55.9,52.1,0.0,0.0,0.0,1078720173
781580,58.3,48.4,0.0,0.0,0.0,1078799532
781630,60.0,33.9,0.0,0.0,0.0,1078855083
781680,61.5,29.7,0.0,0.0,0.0,1078903800
781730,63.8,44.8,0.0,0.0,0.0,1078977223
781780,65.9,43.4,0.0,0.0,0.0,1079016492
781830,68.7,54.4,0.0,0.0,0.0,1079061022
781880,70.9,44.1,0.0,0.0,0.0,1079097109
781930,72.1,24.8,0.0,0.0,0.0,1079117455
781980,74.5,47.4,0.0,0.0,0.0,1079156273
782030,77.3,57.2,0.0,0.0,0.0,1079203106
782080,79.6,46.0,0.0,0.0,0.0,1079240804
782130,81.5,38.2,0.0,0.0,0.0,1079272108
782180,83.8,44.7,0.0,0.0,0.0,1079308767
782230,85.9,43.3,0.0,0.0,0.0,1079344258
782280,88.4,48.3,0.0,0.0,0.0,1079383848
782330,90.1,33.8,0.0,0.0,0.0,1079411561
782380,91.8,35.7,0.0,0.0,0.0,1079440790
782430,94.3,49.0,0.0,0.0,0.0,1079480911
782480,96.6,46.3,0.0,0.0,0.0,1079518827
782530,99.7,62.4,0.0,0.0,0.0,1079569943
782580,103.4,73.7,0.0,0.0,0.0,1079630301
782630,106.9,69.6,0.0,0.0,0.0,1079687297
782680,109.6,54.7,0.0,0.0,0.0,1079732109
782730,112.1,50.3,0.0,0.0,0.0,1079773308
782780,115.1,59.2,0.0,0.0,0.0,1079821809
782830,117.5,47.4,0.0,0.0,0.0,1079860674
782880,120.3,57.2,0.0,0.0,0.0,1079907540
782930,123.2,58.0,0.0,0.0,0.0,1079955092
782980,126.2,58.6,0.0,0.0,0.0,1080003125
783030,129.4,65.0,4.9,0.0,0.0,1080044844
783080,132.3,57.5,5.3,0.0,0.0,1080068408
783130,135.2,58.3,8.9,0.0,0.0,1080092276
783180,138.1,58.8,12.3,0.0,0.0,1080116356
783230,142.0,77.2,23.4,0.0,0.0,1080147958
783280,145.6,72.0,25.5,0.0,0.0,1080177452
783330,148.1,50.4,20.3,0.0,0.0,1080198098
783380,151.1,59.3,26.9,0.0,0.0,1080222380
783430,155.0,77.5,38.0,0.0,0.0,1080254124
783480,158.6,72.2,40.1,0.0,0.0,1080283717
783530,161.1,50.6,34.9,0.0,0.0,1080304432
783580,164.4,65.4,44.0,0.0,0.0,1080331221
783630,168.2,75.8,52.1,0.0,0.0,1080362261
783680,172.9,95.0,64.5,0.0,0.0,1080401192
783730,176.2,66.5,57.6,29.7,74.3,1080428444
783780,179.8,70.6,63.1,74.3,59.4,1080457351
783830,184.0,85.4,73.3,59.4,44.6,1080492331
783880,186.4,47.8,62.0,59.4,74.3,1080511902
783930,188.7,45.4,63.7,59.4,59.4,1080530517
783980,190.3,31.8,60.4,44.6,44.6,1080543547
784030,192.6,46.3,68.3,59.4,44.6,1080562499
784080,194.5,38.4,67.6,59.4,74.3,1080578223
784130,197.7,62.9,80.1,89.1,59.4,1080603975
784180,199.9,44.0,75.6,59.4,74.3,1080622002
784230,202.3,48.8,80.1,89.1,74.3,1080641993
784280,205.5,64.2,89.4,59.4,74.3,1080668275
784330,208.7,62.9,92.4,89.1,74.3,1080694045
784380,210.6,38.0,85.3,74.3,74.3,1080709627
784430,212.8,44.6,90.2,89.1,89.1,1080727907
784480,214.7,37.2,89.6,104.0,74.3,1080743160
784530,215.7,20.1,84.3,89.1,89.1,1080751380
784580,216.4,14.0,82.8,74.3,89.1,1080757134
784630,217.2,15.8,84.4,74.3,89.1,1080763619
784680,219.2,41.1,96.1,74.3,74.3,1080780447
784730,221.2,40.8,98.2,104.0,74.3,1080797142
784780,223.6,46.5,102.9,104.0,104.0,1080816201
784830,225.2,32.6,99.6,89.1,89.1,1080829542
784880,227.5,46.8,107.5,89.1,89.1,1080848711
784930,228.0,8.8,93.8,104.0,104.0,1080852299
784980,228.9,18.1,98.3,74.3,104.0,1080859726
785030,230.1,24.7,102.1,104.0,89.1,1080869840
785080,232.2,41.3,110.6,104.0,89.1,1080886750
785130,233.0,16.9,102.5,104.0,104.0,1080893672
785180,234.5,29.8,108.9,104.0,104.0,1080905891
785230,240.1,110.9,145.2,89.1,118.8,1080951307
785280,240.6,11.6,109.0,118.8,118.8,1080956065
785330,242.6,38.1,121.0,133.7,104.0,1080971684
785380,243.0,8.7,110.5,104.0,118.8,1080975244
785430,243.6,12.1,112.4,104.0,118.8,1080980194
785480,244.6,20.5,116.7,104.0,118.8,1080988574
785530,245.6,20.3,117.8,104.0,104.0,1080996898
785580,245.7,2.2,111.2,133.7,104.0,1080997809
785630,247.3,31.6,123.8,118.8,133.7,1081010735
785680,247.2,-1.9,111.3,89.1,104.0,1081009953
785730,246.3,-19.3,103.7,118.8,133.7,1081002032
785780,246.8,10.5,115.4,104.0,104.0,1081006319
785830,248.9,43.3,130.0,104.0,104.0,1081024064
785880,249.6,12.3,119.2,133.7,118.8,1081029114
785930,250.9,26.6,126.0,104.0,133.7,1081040021
785980,252.1,24.6,126.6,133.7,133.7,1081050114
786030,253.6,29.2,130.0,118.8,104.0,1081062094
786080,253.7,2.5,120.1,118.8,118.8,1081063107
786130,254.4,13.7,125.1,133.7,133.7,1081068732
786180,254.0,-8.4,116.4,118.8,118.8,1081065296
786230,254.0,0.1,119.6,118.8,133.7,1081065349
786280,256.4,48.1,140.1,118.8,104.0,1081083451
786330,256.6,3.7,123.8,133.7,133.7,1081084201
786380,259.4,56.6,146.6,118.8,133.7,1081095786
786430,257.5,-38.4,109.2,148.5,133.7,1081087920
786480,257.9,9.1,127.3,118.8,104.0,1081089787
786530,258.6,12.4,129.2,104.0,118.8,1081092323
786580,258.4,-3.3,123.2,133.7,118.8,1081091640
786630,260.1,33.7,138.8,133.7,133.7,1081098535
786680,261.3,23.6,136.4,133.7,133.7,1081103362
786730,261.8,10.5,132.1,133.7,118.8,1081105512
786780,261.2,-10.7,123.7,133.7,133.7,1081103330
786830,261.5,4.5,129.6,133.7,118.8,1081104260
786880,260.1,-26.8,116.4,118.8,133.7,1081098768
786930,261.9,35.2,141.4,118.8,118.8,1081105982
786980,262.2,6.7,131.2,148.5,133.7,1081107346
787030,262.2,0.0,128.7,118.8,118.8,1081107346
787080,264.3,40.7,146.1,148.5,133.7,1081115673
787130,264.3,0.0,131.0,118.8,133.7,1081115673
787180,266.6,46.5,150.8,148.5,148.5,1081125189
787230,266.6,0.0,133.6,118.8,133.7,1081125189
787280,264.0,-51.5,111.6,163.4,133.7,1081114646
787330,264.0,0.0,130.7,104.0,104.0,1081114646
787380,266.4,48.0,151.2,118.8,148.5,1081124470
787430,266.4,0.0,133.4,148.5,133.7,1081124470
787480,268.1,33.6,147.7,148.5,148.5,1081131346
787530,268.4,5.5,137.6,133.7,133.7,1081132474
787580,269.2,15.9,142.3,148.5,133.7,1081135720
787630,270.9,35.1,151.4,133.7,133.7,1081142908
787680,271.5,12.6,143.7,133.7,133.7,1081145482
787730,270.5,-21.2,130.0,163.4,133.7,1081141140
787780,268.2,-44.8,118.8,133.7,133.7,1081131956
787830,270.3,40.6,152.7,133.7,118.8,1081140273
787880,270.5,4.4,139.6,133.7,118.8,1081141180
787930,272.7,45.1,157.2,163.4,163.4,1081150416
787980,272.2,-10.4,136.0,163.4,133.7,1081148280
788030,273.7,28.7,152.1,133.7,133.7,1081154157
788080,275.6,38.1,157.7,148.5,148.5,1081161958
788130,277.5,38.7,160.1,148.5,148.5,1081169876
788180,277.0,-8.9,141.9,163.4,148.5,1081168046
788230,276.1,-18.3,137.4,148.5,163.4,1081164307
788280,277.0,17.2,151.6,118.8,118.8,1081167834
788330,278.2,24.1,155.4,148.5,148.5,1081172761
788380,277.5,-13.2,140.9,163.4,178.2,1081170065
788430,275.9,-33.2,131.6,133.7,148.5,1081163263
788480,276.5,12.8,149.4,133.7,118.8,1081165874
788530,280.6,80.9,179.2,133.7,163.4,1081182448
788580,283.7,62.6,175.9,163.4,163.4,1081195278
788630,284.1,7.9,156.0,178.2,178.2,1081196887
788680,284.7,11.5,158.0,148.5,178.2,1081199241
788730,285.1,8.0,157.1,148.5,133.7,1081200890
788780,284.4,-12.4,148.9,133.7,163.4,1081198357
788830,282.8,-32.7,139.5,163.4,163.4,1081191669
788880,284.1,25.1,162.4,133.7,148.5,1081196818
788930,283.4,-12.4,147.7,133.7,163.4,1081194278
788980,282.4,-20.7,143.5,163.4,148.5,1081190042
789030,282.6,3.5,152.7,133.7,163.4,1081190764
789080,283.6,20.5,160.1,148.5,148.5,1081194955
789130,286.7,62.3,179.1,148.5,178.2,1081207720
789180,289.2,49.6,177.2,163.4,163.4,1081217884
789230,295.4,124.7,212.0,163.4,178.2,1081243431
789280,296.5,21.3,174.8,193.1,207.9,1081247796
789330,295.2,-27.1,155.3,178.2,178.2,1081242251
789380,297.5,47.0,185.5,148.5,148.5,1081251886
789430,298.3,14.9,174.4,163.4,163.4,1081254944
789480,295.8,-49.5,147.7,178.2,193.1,1081244797
789530,297.3,31.3,179.5,163.4,148.5,1081251210
789580,295.1,-44.1,149.0,163.4,163.4,1081242183
789630,294.5,-12.9,159.9,163.4,163.4,1081239550
789680,294.9,9.0,168.5,163.4,163.4,1081241394
789730,301.0,120.3,216.5,163.4,148.5,1081266032
789780,304.0,60.2,197.6,207.9,193.1,1081278363
789830,304.6,12.1,180.4,193.1,207.9,1081280851
789880,304.4,-3.5,174.4,193.1,178.2,1081280135
789930,309.1,93.6,215.6,148.5,148.5,1081299294
789980,309.4,5.5,183.3,193.1,193.1,1081300418
790030,310.5,21.8,190.5,222.8,178.2,1081304891
790080,312.7,45.3,201.8,193.1,163.4,1081314166
790130,308.0,-94.3,144.7,193.1,193.1,1081294854
790180,307.1,-18.0,172.0,178.2,148.5,1081291165
790230,305.9,-24.6,168.2,178.2,148.5,1081286126
790280,306.2,6.8,180.2,178.2,163.4,1081287514
790330,307.3,22.7,187.4,178.2,163.4,1081292171
790380,306.9,-8.1,175.5,193.1,163.4,1081290517
790430,306.7,-5.7,176.1,178.2,178.2,1081289358
790480,308.3,32.0,191.9,178.2,163.4,1081295920
790530,311.2,58.4,204.9,178.2,178.2,1081307886
790580,311.1,-1.1,182.8,207.9,193.1,1081307661
790630,316.2,101.2,226.4,178.2,178.2,1081328393
790680,317.3,22.9,198.6,207.9,193.1,1081333075
790730,318.4,22.0,199.5,193.1,222.8,1081337581
790780,321.9,69.4,221.0,178.2,207.9,1081351795
790830,321.6,-5.4,192.9,222.8,222.8,1081350685
790880,319.9,-33.8,180.5,207.9,207.9,1081343764
790930,323.0,60.3,218.8,163.4,178.2,1081356123
790980,325.7,54.2,219.5,207.9,222.8,1081367231
791030,325.8,2.0,200.2,222.8,222.8,1081367635
791080,326.4,13.4,205.2,193.1,207.9,1081370374
791130,327.2,15.4,206.8,193.1,222.8,1081373521
791180,328.3,22.8,210.8,193.1,193.1,1081378182
791230,328.5,3.9,204.0,222.8,207.9,1081378986
791280,328.4,-3.3,201.2,193.1,222.8,1081378321
791330,328.3,-2.3,201.4,193.1,193.1,1081377855
791380,331.2,58.4,227.2,207.9,207.9,1081389817
791430,330.2,-19.1,197.4,207.9,237.6,1081385902
791480,329.9,-7.4,201.3,207.9,207.9,1081384390
791530,331.7,36.8,219.8,207.9,193.1,1081391934
791580,331.8,1.8,206.9,207.9,193.1,1081392299
791630,331.6,-4.8,204.2,222.8,193.1,1081391326
791680,335.3,74.7,237.8,207.9,207.9,1081406619
791730,337.3,40.3,227.3,237.6,207.9,1081414867
791780,337.5,4.2,214.1,237.6,207.9,1081415725
791830,335.9,-33.1,198.5,222.8,207.9,1081408953
791880,333.2,-53.1,188.0,207.9,193.1,1081398069
791930,334.3,22.8,217.5,207.9,193.1,1081402737
791980,334.8,10.0,213.3,207.9,193.1,1081404777
792030,337.0,43.0,227.9,222.8,222.8,1081413577
792080,335.8,-23.9,201.8,193.1,222.8,1081408678
792130,336.2,7.3,213.8,222.8,207.9,1081410164
792180,335.5,-12.9,205.5,207.9,207.9,1081407518
792230,333.6,-39.0,193.7,207.9,222.8,1081399522
792280,336.7,62.7,234.9,193.1,207.9,1081412356
792330,336.2,-10.1,207.3,207.9,222.8,1081410281
792380,337.3,22.9,220.9,207.9,237.6,1081414973
792430,338.4,22.0,221.8,207.9,207.9,1081419486
792480,341.0,51.4,235.5,222.8,237.6,1081430017
792530,341.3,6.0,219.0,237.6,237.6,1081431246
792580,340.3,-19.8,208.3,207.9,222.8,1081427190
792630,339.9,-7.9,212.3,207.9,193.1,1081425580
792680,341.1,24.5,225.7,207.9,222.8,1081430597
792730,340.2,-18.9,208.6,207.9,222.8,1081426736
792780,341.0,16.8,222.7,222.8,222.8,1081430178
792830,340.4,-12.2,211.3,222.8,222.8,1081427671
792880,340.6,3.4,217.3,193.1,222.8,1081428375
792930,343.7,62.4,242.7,207.9,222.8,1081441155
792980,341.4,-46.3,199.7,237.6,237.6,1081431669
793030,343.7,45.6,236.4,207.9,237.6,1081441003
793080,342.6,-22.1,210.0,222.8,207.9,1081436478
793130,343.9,26.5,229.5,222.8,237.6,1081441912
793180,344.8,18.6,227.6,207.9,222.8,1081445716
793230,342.2,-53.0,198.1,222.8,252.5,1081434862
793280,343.6,28.9,230.1,193.1,207.9,1081440781
793330,341.6,-39.8,202.4,207.9,237.6,1081432636
793380,342.6,20.2,225.8,207.9,207.9,1081436765
793430,343.7,20.1,226.9,222.8,222.8,1081440884
793480,341.1,-51.9,197.2,207.9,237.6,1081430251
793530,339.5,-30.3,203.6,222.8,207.9,1081424036
793580,337.9,-33.2,200.6,193.1,193.1,1081417228
793630,338.5,12.7,218.4,207.9,207.9,1081419836
793680,338.7,2.9,214.9,237.6,178.2,1081420432
793730,339.7,20.0,222.4,207.9,222.8,1081424536
793780,342.2,50.0,236.3,222.8,222.8,1081434782
793830,342.7,11.0,222.5,237.6,237.6,1081437038
793880,341.9,-16.3,211.4,222.8,207.9,1081433703
793930,341.6,-5.4,215.2,222.8,207.9,1081432596
793980,339.9,-33.8,202.7,207.9,237.6,1081425678
794030,339.4,-11.6,210.3,207.9,207.9,1081423293
794080,339.4,0.0,214.6,193.1,193.1,1081423293
794130,339.3,-2.2,213.7,252.5,237.6,1081422852
794180,339.3,0.0,214.5,178.2,178.2,1081422852
794230,340.1,16.5,221.5,252.5,252.5,1081426230
794280,340.1,0.0,215.4,193.1,178.2,1081426230
794330,339.5,-12.5,210.1,222.8,252.5,1081423679
794380,339.5,0.0,214.7,207.9,178.2,1081423679
794430,341.4,39.3,231.5,222.8,222.8,1081431724
794480,341.4,0.0,216.9,193.1,207.9,1081431724
794530,341.9,9.5,221.0,267.3,222.8,1081433669
794580,342.5,12.6,222.8,207.9,222.8,1081436259
794630,341.8,-15.1,211.7,207.9,207.9,1081433157
794680,346.0,85.4,253.8,222.8,207.9,1081450647
794730,346.6,11.8,227.1,237.6,237.6,1081453059
794780,347.3,14.2,228.8,252.5,237.6,1081455977
794830,347.8,10.0,227.8,222.8,222.8,1081458019
794880,345.5,-47.0,204.0,207.9,222.8,1081448389
794930,345.0,-8.9,217.6,222.8,207.9,1081446563
794980,346.5,29.8,233.7,207.9,207.9,1081452658
795030,347.0,8.8,226.4,237.6,222.8,1081454467
795080,348.2,24.2,233.4,222.8,237.6,1081459420
795130,346.9,-25.1,213.7,237.6,222.8,1081454285
795180,346.0,-17.6,215.6,207.9,222.8,1081450690
795230,345.7,-6.3,219.4,222.8,222.8,1081449403
795280,347.0,25.6,232.7,222.8,207.9,1081454646
795330,347.3,5.9,225.7,222.8,222.8,1081455859
795380,348.4,22.1,232.9,222.8,237.6,1081460394
795430,347.4,-20.5,216.0,237.6,222.8,1081456195
795480,345.5,-38.3,207.2,222.8,207.9,1081448341
795530,344.1,-26.8,210.0,193.1,222.8,1081442844
795580,342.6,-30.8,206.8,222.8,207.9,1081436538
795630,340.9,-33.6,203.9,207.9,207.9,1081429666
795680,339.7,-23.5,206.3,222.8,222.8,1081424856
795730,338.9,-16.4,208.0,193.1,207.9,1081421488
795780,339.5,12.5,219.5,207.9,193.1,1081424046
795830,337.6,-39.3,198.1,237.6,222.8,1081416007
795880,337.4,-3.5,211.2,207.9,207.9,1081415294
795930,336.7,-14.4,206.3,193.1,207.9,1081412338
795980,336.5,-4.1,209.9,207.9,207.9,1081411497
796030,335.7,-14.9,205.1,207.9,207.9,1081408451
796080,333.7,-40.4,193.3,207.9,222.8,1081400175
796130,333.5,-4.3,206.5,207.9,193.1,1081399297
796180,333.1,-9.0,204.3,193.1,207.9,1081397453
796230,332.7,-6.3,204.9,207.9,207.9,1081396163
796280,331.9,-16.4,200.2,222.8,207.9,1081392802
796330,331.3,-11.5,201.4,207.9,193.1,1081390449
796380,330.6,-14.0,199.7,178.2,207.9,1081387573
796430,327.1,-69.8,175.1,222.8,193.1,1081373272
796480,326.5,-12.9,195.5,193.1,193.1,1081370635
796530,327.3,15.0,206.7,193.1,193.1,1081373703
796580,326.3,-19.5,192.8,207.9,207.9,1081369707
796630,325.9,-7.7,196.8,193.1,207.9,1081368139
796680,322.3,-71.4,169.2,207.9,193.1,1081353524
796730,322.5,4.0,197.4,178.2,178.2,1081354353
796780,323.3,14.8,202.2,193.1,193.1,1081357391
796830,320.8,-49.6,175.5,193.1,207.9,1081347230
796880,320.3,-10.7,189.4,193.1,193.1,1081345032
796930,318.1,-43.5,174.8,178.2,178.2,1081336121
796980,315.1,-60.5,165.1,178.2,193.1,1081323739
797030,315.6,11.7,192.5,193.1,178.2,1081326131
797080,313.6,-39.8,171.2,178.2,178.2,1081317974
797130,314.7,20.1,194.6,163.4,193.1,1081322096
797180,313.6,-21.9,177.8,207.9,193.1,1081317608
797230,314.6,20.7,194.7,193.1,178.2,1081321839
797280,312.3,-45.5,167.6,178.2,193.1,1081312513
797330,310.1,-43.9,165.8,178.2,178.2,1081303527
797380,308.9,-24.7,171.5,178.2,148.5,1081298465
797430,307.4,-29.3,168.2,163.4,178.2,1081292465
797480,305.2,-44.5,160.0,178.2,178.2,1081283349
797530,304.5,-13.2,171.0,163.4,163.4,1081280655
797580,304.4,-3.2,174.5,178.2,163.4,1081279997
797630,303.4,-20.2,167.0,178.2,178.2,1081275851
797680,299.4,-80.2,140.3,163.4,178.2,1081259431
797730,299.8,9.9,174.3,163.4,163.4,1081261455
797780,299.3,-11.1,165.9,163.4,148.5,1081259185
797830,298.0,-25.8,159.0,163.4,178.2,1081253909
797880,298.3,6.0,171.1,178.2,178.2,1081255131
797930,297.0,-25.8,157.9,163.4,163.4,1081249843
797980,297.6,11.9,172.6,163.4,148.5,1081252285
798030,294.7,-57.7,143.5,178.2,178.2,1081240478
798080,293.3,-28.4,152.8,148.5,163.4,1081234670
798130,293.8,10.2,167.7,148.5,148.5,1081236749
798180,293.0,-16.9,156.7,178.2,163.4,1081233289
798230,291.2,-35.8,147.7,163.4,163.4,1081225952
798280,291.7,10.9,165.6,148.5,163.4,1081228189
798330,289.1,-52.4,139.2,148.5,163.4,1081217466
798380,287.6,-30.6,145.6,163.4,148.5,1081211189
798430,286.5,-21.5,147.8,148.5,133.7,1081206796
798480,285.8,-15.0,149.3,148.5,163.4,1081203720
798530,283.7,-40.5,137.6,148.5,148.5,1081195423
798580,284.1,7.6,155.9,163.4,133.7,1081196988
798630,282.9,-24.7,142.6,133.7,148.5,1081191940
798680,282.6,-5.3,149.5,148.5,163.4,1081190863
798730,279.7,-57.7,126.8,163.4,148.5,1081179050
798780,278.6,-22.4,138.7,133.7,118.8,1081174468
798830,278.4,-3.7,145.4,133.7,133.7,1081173718
798880,277.4,-20.6,138.0,148.5,163.4,1081169506
798930,276.4,-20.4,136.9,133.7,148.5,1081165329
798980,274.8,-32.3,130.7,133.7,133.7,1081158719
799030,273.3,-28.6,130.5,148.5,133.7,1081152863
799080,272.6,-14.0,135.1,118.8,148.5,1081149993
799130,270.0,-51.8,118.2,148.5,133.7,1081139382
799180,269.7,-6.3,134.7,133.7,133.7,1081138099
799230,268.3,-28.4,125.0,118.8,118.8,1081132285
799280,265.5,-55.9,111.6,133.7,148.5,1081120842
799330,265.1,-9.1,128.5,133.7,118.8,1081118977
799380,263.8,-24.4,121.5,118.8,118.8,1081113984
799430,263.0,-17.1,123.2,118.8,133.7,1081110490
799480,259.1,-77.9,96.3,133.7,133.7,1081094527
799530,258.8,-6.6,122.4,118.8,104.0,1081093183
799580,257.6,-22.6,115.2,104.0,104.0,1081088556
799630,257.4,-3.8,122.0,118.8,133.7,1081087775
799680,255.8,-32.7,109.4,148.5,133.7,1081080312
799730,255.0,-16.9,114.4,104.0,104.0,1081073402
799780,252.9,-41.8,102.8,104.0,118.8,1081056277
799830,252.0,-17.3,110.9,118.8,118.8,1081049205
799880,251.4,-12.1,112.2,118.8,104.0,1081044255
799930,249.5,-38.5,100.2,118.8,118.8,1081028501
799980,249.3,-2.9,113.3,104.0,104.0,1081027304
800030,247.1,-44.0,95.6,104.0,104.0,1081009263
800080,245.6,-30.8,98.7,104.0,118.8,1080996635
800130,243.3,-45.6,90.7,104.0,89.1,1080977964
800180,242.6,-13.9,101.7,104.0,104.0,1080972268
800230,242.7,2.3,107.8,118.8,89.1,1080973195
800280,241.6,-22.4,97.4,104.0,118.8,1080964014
800330,239.6,-39.7,88.8,89.1,104.0,1080947757
800380,238.5,-21.8,94.2,74.3,89.1,1080938835
800430,237.8,-15.2,95.8,104.0,118.8,1080932589
800480,236.6,-22.7,91.8,118.8,89.1,1080923302
800530,235.3,-27.9,88.3,89.1,104.0,1080911885
800580,233.1,-43.5,80.1,89.1,104.0,1080894064
800630,231.9,-24.5,85.8,89.1,74.3,1080884046
800680,231.3,-11.1,90.1,74.3,89.1,1080879491
800730,230.3,-19.8,85.8,104.0,104.0,1080871388
800780,229.0,-25.8,82.1,89.1,89.1,1080860800
800830,226.9,-42.1,73.8,104.0,74.3,1080843558
800880,223.9,-59.5,64.0,74.3,89.1,1080819201
800930,224.3,6.4,88.8,74.3,59.4,1080821812
800980,221.2,-61.5,60.1,89.1,89.1,1080796606
801030,219.9,-25.1,72.3,74.3,89.1,1080786334
801080,218.7,-23.6,71.5,74.3,59.4,1080776687
801130,218.7,0.0,80.3,74.3,59.4,1080776687
801180,217.3,-28.5,68.1,104.0,104.0,1080765018
801230,217.3,0.0,78.7,74.3,74.3,1080765018
801280,214.5,-55.9,54.8,74.3,74.3,1080742105
801330,214.5,0.0,75.6,59.4,59.4,1080742105
801380,212.6,-39.2,58.9,74.3,74.3,1080726065
801430,212.6,0.0,73.4,74.3,74.3,1080726065
801480,210.0,-51.4,51.5,74.3,59.4,1080705007
801530,210.0,0.0,70.5,59.4,44.6,1080705007
801580,206.1,-78.0,37.2,89.1,74.3,1080673063
801630,203.7,-48.6,45.5,59.4,74.3,1080653160
801680,202.6,-22.0,54.1,59.4,44.6,1080644143
801730,200.6,-39.4,45.4,44.6,59.4,1080628001
801780,198.9,-33.6,45.7,59.4,44.6,1080614244
801830,196.8,-41.5,40.5,44.6,44.6,1080597241
801880,195.4,-29.1,43.5,44.6,59.4,1080585339
801930,193.8,-32.3,40.5,59.4,44.6,1080572092
801980,192.9,-16.6,45.4,44.6,29.7,1080565277
802030,191.8,-23.6,41.4,59.4,59.4,1080555591
802080,190.9,-16.6,43.2,44.6,44.6,1080548811
802130,188.6,-47.6,29.0,59.4,44.6,1080529320
802180,186.6,-39.3,29.9,44.6,44.6,1080513218
802230,185.2,-27.5,32.7,44.6,44.6,1080501947
802280,183.6,-31.3,29.6,44.6,44.6,1080489142
802330,183.5,-3.9,39.5,44.6,44.6,1080487551
802380,183.0,-8.7,37.3,44.6,44.6,1080483980
802430,182.1,-18.1,32.8,44.6,44.6,1080476565
802480,180.9,-24.7,28.9,44.6,29.7,1080466459
802530,179.7,-23.3,28.2,29.7,44.6,1080456928
802580,177.4,-46.3,17.0,44.6,29.7,1080437968
802630,176.7,-14.4,28.1,44.6,29.7,1080432068
802680,175.3,-28.1,21.4,44.6,29.7,1080420566
802730,173.4,-37.7,15.8,44.6,44.6,1080405142
802780,172.7,-14.4,23.6,14.9,44.6,1080399260
802830,171.9,-16.1,22.1,0.0,44.6,1080392685
802880,171.9,0.8,28.4,0.0,44.6,1080392998
802930,171.3,-11.5,23.2,0.0,44.6,1080388302
802980,170.6,-14.0,21.5,0.0,44.6,1080382557
803030,169.8,-15.8,19.9,0.0,29.7,1080376077
803080,169.0,-17.1,18.5,0.0,44.6,1080369084
803130,168.7,-6.0,22.3,0.0,0.0,1080366647
803180,168.5,-4.2,22.8,0.0,0.0,1080364941
803230,168.6,3.1,25.6,0.0,0.0,1080366204
803280,168.4,-3.8,22.8,0.0,0.0,1080364631
803330,168.3,-2.7,23.1,0.0,0.0,1080363529
803380,168.5,4.1,25.9,0.0,0.0,1080365216
803430,168.1,-9.1,20.4,0.0,0.0,1080361481
803480,167.7,-6.4,21.1,0.0,0.0,1080358867
803530,168.1,7.5,26.7,0.0,0.0,1080361953
803580,168.7,11.3,28.7,0.0,0.0,1080366570
803630,168.5,-4.1,22.8,0.0,0.0,1080364887
803680,168.6,3.1,25.6,0.0,0.0,1080366166
803730,168.4,-3.8,22.8,0.0,0.0,1080364604
803780,168.9,9.3,28.2,59.4,0.0,1080368426
803830,168.6,-5.5,22.4,74.3,14.9,1080366186
803880,167.8,-15.8,17.7,44.6,59.4,1080359703
803930,167.0,-17.1,16.3,44.6,59.4,1080352707
803980,165.8,-24.0,12.4,59.4,59.4,1080342895
804030,164.4,-28.8,9.0,29.7,44.6,1080331111
804080,162.7,-32.1,6.0,29.7,44.6,1080317947
804130,161.3,-28.5,5.7,29.7,44.6,1080306275
804180,160.9,-7.9,12.9,44.6,59.4,1080303020
804230,160.6,-5.6,13.5,44.6,-14.9,1080300741
804280,158.7,-39.9,0.0,29.7,29.7,1080284400
804330,158.8,2.1,14.2,44.6,59.4,1080285250
804380,157.3,-28.5,1.3,44.6,-14.9,1080273556
804430,156.6,-14.0,5.9,14.9,29.7,1080267828
804480,156.1,-9.8,6.9,0.0,0.0,1080263819
804530,156.7,11.1,15.3,0.0,0.0,1080268385
804580,156.5,-4.2,9.4,0.0,0.0,1080266666
804630,154.8,-32.9,0.0,0.0,0.0,1080253175
804680,154.3,-11.1,4.4,0.0,0.0,1080248646
804730,153.9,-7.7,5.2,0.0,0.0,1080245476
804780,154.5,12.6,13.4,0.0,0.0,1080250630
804830,153.8,-15.2,2.3,0.0,0.0,1080244407
804880,154.4,13.4,13.6,0.0,0.0,1080249882
804930,154.0,-8.6,5.0,0.0,0.0,1080246341
804980,154.0,-0.1,8.2,0.0,0.0,1080246320
805030,154.6,12.0,13.3,0.0,0.0,1080251221
805080,155.0,8.4,12.4,0.0,0.0,1080254651
805130,155.0,-0.1,9.2,0.0,0.0,1080254595
805180,154.4,-12.1,4.1,0.0,0.0,1080249640
805230,154.6,3.5,10.1,0.0,0.0,1080251087
805280,155.0,8.5,12.4,0.0,0.0,1080254558
805330,154.7,-6.1,6.7,0.0,0.0,1080252072
805380,155.1,7.8,12.3,0.0,0.0,1080255247
805430,155.1,-0.6,9.1,0.0,0.0,1080255012
805480,155.3,5.6,11.7,0.0,0.0,1080257305
805530,154.6,-14.1,3.7,0.0,0.0,1080251537
805580,154.4,-3.9,7.2,0.0,0.0,1080249958
805630,154.0,-8.7,5.0,0.0,0.0,1080246394
805680,154.3,5.9,10.7,0.0,0.0,1080248815
805730,154.5,4.1,10.3,0.0,0.0,1080250510
805780,154.4,-3.1,7.4,0.0,0.0,1080249238
805830,154.6,3.8,10.2,0.0,0.0,1080250806
805880,155.0,8.7,12.5,0.0,0.0,1080254361
805930,154.4,-11.9,4.2,0.0,0.0,1080249476
805980,154.6,3.7,10.2,0.0,0.0,1080250972
806030,154.4,-3.4,7.3,0.0,0.0,1080249562
806080,155.2,15.6,15.3,0.0,0.0,1080255948
806130,155.1,-1.1,9.0,0.0,0.0,1080255503
806180,155.1,-0.8,9.1,0.0,0.0,1080255191
806230,154.5,-12.5,4.0,0.0,0.0,1080250057
806280,154.9,9.2,12.6,0.0,0.0,1080253837
806330,154.0,-17.5,1.7,0.0,0.0,1080246652
806380,154.9,17.7,15.8,0.0,0.0,1080253911
806430,154.1,-17.6,1.7,0.0,0.0,1080246704
806480,154.3,5.7,10.7,0.0,0.0,1080249032
806530,155.1,16.0,15.4,0.0,0.0,1080255576
806580,155.7,11.2,14.2,0.0,0.0,1080260158
806630,156.4,13.8,16.0,0.0,0.0,1080265822
806680,156.3,-2.3,9.8,0.0,0.0,1080264872
806730,155.9,-7.6,7.4,0.0,0.0,1080261750
806780,156.2,6.7,13.1,0.0,0.0,1080264479
806830,155.9,-7.3,7.5,0.0,0.0,1080261474
806880,155.9,0.9,10.6,0.0,14.9,1080261829
806930,157.1,24.6,20.8,0.0,44.6,1080271907
806980,158.0,17.2,19.0,59.4,59.4,1080278962
807030,158.9,18.1,20.3,74.3,59.4,1080286358
807080,158.9,0.6,13.9,59.4,44.6,1080286620
807130,158.3,-11.6,8.7,59.4,59.4,1080281888
807180,159.1,15.9,19.8,44.6,44.6,1080288406
807230,159.4,5.1,16.1,29.7,59.4,1080290512
807280,158.4,-20.4,5.5,44.6,44.6,1080282155
807330,158.9,9.7,17.2,29.7,59.4,1080286135
807380,159.8,18.8,21.6,44.6,0.0,1080293837
807430,159.6,-4.8,12.6,44.6,14.9,1080291855
807480,160.9,26.6,25.7,44.6,44.6,1080302756
807530,161.5,12.6,21.2,44.6,44.6,1080307929
807580,161.7,2.8,17.8,59.4,44.6,1080309093
807630,161.2,-10.0,12.4,14.9,44.6,1080304992
807680,161.4,5.0,18.3,0.0,0.0,1080307037
807730,161.0,-8.5,12.8,0.0,0.0,1080303553
807780,162.8,36.0,31.3,0.0,0.0,1080318317
807830,164.4,31.2,31.3,0.0,0.0,1080331110
807880,165.4,21.9,29.0,0.0,0.0,1080340065
807930,167.4,39.3,37.7,0.0,0.0,1080356164
807980,168.8,27.5,34.9,0.0,0.0,1080367433
808030,168.9,1.3,25.2,0.0,0.0,1080367948
808080,170.1,24.9,35.3,0.0,0.0,1080378140
808130,171.6,29.4,38.7,0.0,0.0,1080390189
808180,171.6,0.0,27.7,0.0,0.0,1080390189
808230,172.6,20.6,36.5,74.3,0.0,1080398623
808280,172.6,0.0,28.9,74.3,29.7,1080398623
808330,175.4,56.4,53.0,74.3,74.3,1080421731
808380,175.4,0.0,32.0,44.6,44.6,1080421731
808430,175.9,9.5,36.1,59.4,59.4,1080425618
808480,175.9,0.0,32.6,44.6,44.6,1080425618
808530,177.7,36.6,48.2,44.6,59.4,1080440627
808580,177.7,0.0,34.6,44.6,44.6,1080440627
808630,179.3,31.7,48.1,59.4,59.4,1080453591
808680,181.3,40.2,53.5,44.6,44.6,1080470038
808730,182.4,22.1,48.0,59.4,59.4,1080479094
808780,184.7,45.5,59.2,44.6,59.4,1080497721
808830,185.1,7.8,45.7,59.4,59.4,1080500929
808880,186.3,23.5,52.8,59.4,44.6,1080510548
808930,186.8,10.4,48.6,44.6,59.4,1080514823
808980,187.4,13.3,50.4,44.6,44.6,1080520274
809030,187.6,3.3,46.8,44.6,44.6,1080521632
809080,189.2,32.3,59.4,44.6,59.4,1080534870
809130,189.5,4.6,49.4,59.4,59.4,1080536764
809180,189.6,3.2,49.0,59.4,44.6,1080538090
809230,190.9,26.3,59.1,44.6,59.4,1080548848
809280,192.8,36.4,64.8,59.4,44.6,1080563752
809330,193.7,19.5,59.6,59.4,74.3,1080571727
809380,194.7,19.6,60.8,44.6,59.4,1080579767
809430,196.0,25.7,64.5,59.4,59.4,1080590311
809480,197.2,24.0,65.2,59.4,44.6,1080600148
809530,197.7,10.8,60.9,59.4,59.4,1080604577
809580,198.7,19.6,65.2,59.4,74.3,1080612593
809630,199.7,19.7,66.4,59.4,59.4,1080620661
809680,201.3,31.8,72.6,74.3,59.4,1080633682
809730,202.1,16.3,67.8,59.4,74.3,1080640339
809780,203.3,23.4,71.7,59.4,59.4,1080649914
809830,205.0,34.4,77.7,74.3,74.3,1080663989
809880,207.7,54.1,88.0,74.3,59.4,1080686130
809930,208.4,13.8,73.9,89.1,89.1,1080691798
809980,209.2,15.7,75.4,59.4,74.3,1080698223
810030,210.9,35.0,84.6,74.3,59.4,1080712551
810080,211.2,6.5,74.3,74.3,74.3,1080715208
810130,212.4,22.5,81.6,74.3,89.1,1080724441
810180,213.5,21.8,82.5,89.1,74.3,1080733361
810230,213.9,9.2,78.3,74.3,74.3,1080737148
810280,215.7,36.5,90.5,74.3,89.1,1080752087
810330,216.1,7.5,80.2,74.3,74.3,1080755171
810380,217.3,23.3,87.3,89.1,89.1,1080764703
810430,220.2,58.3,103.5,74.3,74.3,1080788578
810480,221.6,28.8,94.2,89.1,104.0,1080800376
810530,224.4,56.2,107.5,104.0,104.0,1080823380
810580,226.7,45.3,106.0,89.1,89.1,1080841940
810630,228.6,37.7,105.3,104.0,89.1,1080857390
810680,229.9,26.4,102.5,89.1,89.1,1080868205
810730,230.8,18.5,100.6,74.3,118.8,1080875775
810780,230.3,-11.1,89.0,118.8,89.1,1080871244
810830,229.9,-7.7,89.8,89.1,104.0,1080868072
810880,231.4,30.6,105.8,74.3,74.3,1080880598
810930,234.0,51.4,116.4,104.0,89.1,1080901653
810980,237.3,66.0,125.5,104.0,118.8,1080928680
811030,240.2,58.2,125.8,118.8,133.7,1080952515
811080,240.1,-1.3,103.7,118.8,104.0,1080951995
811130,240.7,11.1,108.9,104.0,104.0,1080956547
811180,242.0,25.8,115.7,104.0,89.1,1080967106
811230,242.6,12.0,111.3,104.0,118.8,1080972040
811280,242.7,2.4,107.9,133.7,133.7,1080973036
811330,244.6,37.7,123.1,89.1,89.1,1080988478
811380,245.3,14.4,115.2,118.8,104.0,1080994373
811430,244.9,-7.9,106.5,133.7,118.8,1080991127
811480,246.7,36.5,125.0,104.0,104.0,1081006057
811530,248.6,37.5,127.5,104.0,104.0,1081021424
811580,251.1,50.3,135.0,118.8,148.5,1081042011
811630,252.9,35.2,131.4,133.7,104.0,1081056422
811680,253.5,12.6,123.7,133.7,118.8,1081061595
811730,254.0,8.8,122.8,118.8,118.8,1081065215
811780,252.8,-23.8,109.3,104.0,118.8,1081055462
811830,254.0,25.3,129.0,118.8,104.0,1081065838
811880,255.8,35.7,134.9,133.7,118.8,1081080473
811930,256.8,19.0,129.7,133.7,118.8,1081085058
811980,257.4,13.3,128.3,118.8,133.7,1081087784
812030,258.5,21.3,132.5,104.0,133.7,1081092149
812080,260.5,38.9,141.2,133.7,133.7,1081100120
812130,260.0,-8.8,123.0,133.7,133.7,1081098327
812180,263.3,65.9,154.4,133.7,118.8,1081111818
812230,263.2,-1.9,129.1,118.8,148.5,1081111431
812280,263.8,10.7,134.4,148.5,133.7,1081113617
812330,266.5,55.5,154.1,133.7,133.7,1081124978
812380,268.8,44.8,152.6,133.7,148.5,1081134160
812430,269.7,19.4,144.3,163.4,148.5,1081138129
812480,268.6,-22.4,127.5,133.7,133.7,1081133535
812530,270.2,32.3,149.6,133.7,133.7,1081140150
812580,272.9,52.6,160.1,133.7,133.7,1081150924
812630,275.3,48.8,161.4,163.4,163.4,1081160923
812680,277.0,34.2,157.9,148.5,148.5,1081167923
812730,278.2,23.9,155.4,163.4,163.4,1081172823
812780,278.7,10.7,151.1,148.5,148.5,1081175024
812830,279.1,7.5,150.3,133.7,148.5,1081176565
812880,277.0,-42.7,129.3,163.4,148.5,1081167813
812930,277.0,0.1,145.2,133.7,133.7,1081167830
812980,276.1,-17.9,137.5,118.8,148.5,1081164156
813030,276.1,-0.6,143.9,163.4,148.5,1081164042
813080,276.0,-0.4,144.0,148.5,133.7,1081163962
813130,276.0,-0.3,144.0,148.5,148.5,1081163906
813180,276.0,-0.2,144.0,148.5,133.7,1081163867
813230,278.4,47.9,164.5,133.7,148.5,1081173670
813280,280.1,33.5,161.1,163.4,163.4,1081180532
813330,281.6,29.5,161.2,163.4,148.5,1081186564
813380,279.9,-33.4,136.0,148.5,163.4,1081179728
813430,277.8,-41.4,130.7,133.7,133.7,1081171256
813480,283.0,103.0,190.1,148.5,148.5,1081192359
813530,286.0,60.1,177.5,163.4,163.4,1081204673
813580,286.6,12.1,160.3,163.4,178.2,1081207150
813630,285.8,-15.5,149.2,163.4,178.2,1081203968
813680,287.1,25.1,165.7,163.4,133.7,1081209113
813730,287.9,17.6,163.9,133.7,148.5,1081212715
813780,288.6,12.3,162.6,163.4,163.4,1081215237
813830,289.0,8.6,161.7,163.4,178.2,1081217001
813880,289.6,12.0,163.7,148.5,148.5,1081219466
813930,293.9,86.4,196.1,163.4,148.5,1081237165
813980,296.6,54.5,187.3,178.2,207.9,1081248326
814030,300.9,86.1,203.8,193.1,178.2,1081265969
814080,302.5,30.3,184.8,178.2,178.2,1081272175
814130,305.9,69.2,203.1,193.1,193.1,1081286349
814180,302.6,-65.6,149.4,178.2,178.2,1081272924
814230,302.8,2.1,174.6,178.2,148.5,1081273357
814280,301.3,-28.5,161.7,163.4,178.2,1081267516
814330,300.3,-20.0,163.7,178.2,163.4,1081263428
814380,308.3,160.0,239.5,163.4,178.2,1081296201
814430,304.0,-86.0,143.4,193.1,193.1,1081278592
814480,311.5,149.8,239.2,178.2,193.1,1081309273
814530,315.3,74.9,215.6,207.9,178.2,1081324606
814580,308.9,-127.6,133.3,207.9,222.8,1081298476
814630,313.7,96.7,222.0,163.4,163.4,1081318277
814680,323.4,193.7,268.8,178.2,178.2,1081357942
814730,329.6,123.6,249.6,252.5,237.6,1081383251
814780,334.8,104.5,248.4,252.5,252.5,1081404653
814830,338.2,67.2,238.2,222.8,237.6,1081418406
814880,360.0,300.0,349.0,222.8,207.9,1081507905
814930,368.4,167.9,309.3,297.0,297.0,1081542292
814980,359.9,-170.5,174.2,297.0,311.9,1081507380
815030,375.2,300.0,366.0,207.9,193.1,1081570187
815080,396.5,300.0,371.3,267.3,282.2,1081657159
815130,411.0,291.3,371.3,356.4,356.4,1081716811
815180,583.5,300.0,371.3,326.7,326.7,1082276890
815230,714.5,300.0,111.4,326.7,341.6,1082545068
815280,714.5,0.0,111.4,207.9,178.2,1082545068
815330,680.4,-300.0,111.4,148.5,118.8,1082475358
815380,680.4,0.0,111.4,118.8,133.7,1082475358
815430,804.8,300.0,111.4,178.2,178.2,1082730076
815480,804.8,0.0,111.4,133.7,148.5,1082730076
815530,743.7,-300.0,111.4,148.5,148.5,1082604864
815580,743.7,0.0,111.4,133.7,133.7,1082604864
815630,700.9,-300.0,111.4,148.5,148.5,1082517216
815680,700.9,0.0,111.4,118.8,118.8,1082517216
815730,868.6,300.0,111.4,133.7,148.5,1082860752
815780,788.3,-300.0,111.4,148.5,148.5,1082696337
815830,871.9,300.0,111.4,118.8,104.0,1082867558
815880,949.6,300.0,111.4,104.0,118.8,1083026733
815930,1011.0,300.0,111.4,133.7,133.7,1083152288
815980,1053.0,300.0,111.4,118.8,133.7,1083208670
816030,1096.8,300.0,111.4,133.7,104.0,1083253531
816080,1112.1,300.0,111.4,104.0,118.8,1083269267
816130,958.8,-300.0,111.4,104.0,133.7,1083045479
816180,940.0,-300.0,111.4,133.7,118.8,1083006895
816230,946.0,120.2,111.4,118.8,104.0,1083019207
816280,937.3,-173.8,111.4,104.0,118.8,1083001406
816330,924.9,-247.7,111.4,133.7,133.7,1082976043
816380,921.0,-77.4,111.4,118.8,104.0,1082968120
816430,921.3,5.8,111.4,118.8,118.8,1082968717
816480,906.8,-289.9,111.4,104.0,118.8,1082939030
816530,908.1,25.1,111.4,133.7,104.0,1082941596
816580,903.9,-84.5,111.4,118.8,118.8,1082932948
816630,911.1,144.9,111.4,104.0,118.8,1082947783
816680,924.6,269.4,111.4,118.8,118.8,1082975371
816730,913.0,-231.4,111.4,118.8,104.0,1082951675
816780,819.4,-300.0,111.4,104.0,118.8,1082759984
816830,841.5,300.0,111.4,118.8,104.0,1082805204
816880,828.4,-260.9,111.4,118.8,118.8,1082778491
816930,824.1,-86.6,111.4,104.0,118.8,1082769622
816980,845.1,300.0,111.4,104.0,104.0,1082812566
817030,831.6,-270.4,111.4,118.8,118.8,1082784873
817080,828.7,-57.3,111.4,118.8,118.8,1082779004
817130,812.6,-300.0,111.4,118.8,104.0,1082746020
817180,823.5,218.5,111.4,104.0,118.8,1082768396
817230,812.0,-231.0,111.4,118.8,104.0,1082744738
817280,798.5,-269.7,111.4,118.8,118.8,1082717118
817330,803.4,99.2,111.4,118.8,118.8,1082727275
817380,817.1,273.4,111.4,104.0,104.0,1082755275
817430,815.9,-24.6,111.4,118.8,104.0,1082752756
817480,824.0,162.8,111.4,104.0,118.8,1082769425
817530,825.2,23.9,111.4,104.0,118.8,1082771878
817580,757.9,-300.0,111.4,104.0,104.0,1082634125
817630,775.1,300.0,111.4,104.0,133.7,1082669180
817680,778.0,59.6,111.4,133.7,118.8,1082675287
817730,793.0,299.7,111.4,104.0,118.8,1082705981
817780,771.4,-300.0,111.4,104.0,104.0,1082661726
817830,773.1,33.5,111.4,89.1,104.0,1082665153
817880,765.3,-156.6,111.4,133.7,104.0,1082649121
817930,746.0,-300.0,111.4,118.8,118.8,1082609636
817980,759.5,270.1,111.4,133.7,89.1,1082637292
818030,790.2,300.0,111.4,104.0,133.7,1082700274
818080,776.4,-277.5,111.4,118.8,89.1,1082671862
818130,759.2,-300.0,111.4,133.7,104.0,1082636614
818180,720.4,-300.0,111.4,104.0,118.8,1082557258
818230,653.7,-300.0,111.4,104.0,104.0,1082420609
818280,615.7,-300.0,111.4,89.1,118.8,1082342771
818330,625.4,193.9,111.4,118.8,118.8,1082362628
818380,665.8,300.0,111.4,118.8,133.7,1082445340
818430,678.1,247.4,111.4,118.8,104.0,1082470676
818480,710.8,300.0,111.4,118.8,118.8,1082537562
818530,725.6,295.2,111.4,118.8,118.8,1082567794
818580,742.2,300.0,111.4,118.8,89.1,1082601859
818630,725.3,-300.0,111.4,118.8,118.8,1082567336
818680,696.7,-300.0,111.4,118.8,104.0,1082508764
818730,666.8,-300.0,111.4,104.0,89.1,1082447488
818780,637.2,-300.0,111.4,118.8,104.0,1082386778
818830,617.6,-300.0,111.4,118.8,118.8,1082346738
818880,602.1,-300.0,111.4,104.0,104.0,1082315024
818930,540.0,-300.0,326.7,118.8,118.8,1082187761
818980,417.6,-300.0,190.4,252.5,252.5,1081743749
819030,314.2,-300.0,75.2,222.8,237.6,1081320311
819080,237.1,-300.0,0.0,44.6,44.6,1080926630
819130,183.6,-300.0,0.0,0.0,29.7,1080489051
819180,145.6,-300.0,0.0,0.0,59.4,1080177830
819230,149.1,68.1,28.0,0.0,74.3,1080205735
819280,195.2,300.0,165.5,14.9,59.4,1080584078
819330,228.5,300.0,202.5,178.2,148.5,1080856292
819380,246.0,300.0,222.1,237.6,193.1,1081000146
819430,225.9,-300.0,0.0,178.2,193.1,1080835424
819480,195.6,-300.0,0.0,44.6,44.6,1080587408
819530,174.1,-300.0,0.0,29.7,0.0,1080411339
819580,163.3,-216.9,0.0,44.6,59.4,1080322497
819630,160.5,-55.8,0.0,74.3,74.3,1080299629
819680,154.7,-117.1,0.0,14.9,-14.9,1080251673
819730,157.8,62.0,35.4,14.9,-14.9,1080277086
819780,171.6,277.4,130.8,59.4,0.0,1080390722
819830,183.1,230.2,126.1,104.0,104.0,1080485012
819880,177.4,-114.9,0.0,133.7,148.5,1080437966
819930,168.3,-182.4,0.0,14.9,29.7,1080363255
819980,164.9,-67.7,0.0,44.6,29.7,1080335532
820030,162.2,-53.4,0.0,59.4,59.4,1080313669
820080,293.9,300.0,111.4,-29.7,-14.9,1081236926
820130,386.0,300.0,111.4,74.3,59.4,1081614341
820180,450.5,300.0,111.4,118.8,133.7,1081878532
820230,670.9,300.0,111.4,104.0,118.8,1082455758
820280,649.9,-300.0,111.4,74.3,74.3,1082412842
820330,635.2,-293.4,111.4,89.1,89.1,1082382800
820380,625.0,-205.4,111.4,118.8,104.0,1082361771
820430,602.2,-300.0,111.4,89.1,104.0,1082315102
820480,601.8,-7.0,111.4,89.1,104.0,1082314383
820530,483.7,-300.0,264.0,104.0,89.1,1082014408
820580,395.0,-300.0,165.2,207.9,207.9,1081651084
820630,360.5,-300.0,126.8,193.1,178.2,1081509806
820680,490.8,300.0,371.3,89.1,104.0,1082043744
820730,523.9,300.0,111.4,267.3,252.5,1082154773
820780,656.2,300.0,111.4,163.4,163.4,1082425794
820830,639.7,-300.0,111.4,0.0,29.7,1082391867
820880,628.1,-231.9,111.4,118.8,133.7,1082368118
820930,490.6,-300.0,271.7,163.4,163.4,1082042943
820980,401.0,-300.0,172.0,222.8,207.9,1081675973
821030,513.8,300.0,371.3,207.9,193.1,1082134187
821080,648.3,300.0,111.4,252.5,267.3,1082409541
821130,772.7,300.0,111.4,207.9,178.2,1082664342
821180,854.7,300.0,111.4,104.0,59.4,1082832259
821230,921.4,300.0,111.4,118.8,133.7,1082968847
821280,978.9,300.0,111.4,133.7,163.4,1083086576
821330,1019.1,300.0,111.4,118.8,104.0,1083168987
821380,893.7,-300.0,111.4,118.8,118.8,1082912102
821430,805.9,-300.0,111.4,118.8,133.7,1082732283
821480,589.9,-300.0,371.3,118.8,118.8,1082289993
821530,436.9,-300.0,211.9,282.2,282.2,1081822976
821580,331.1,-300.0,94.0,267.3,267.3,1081389286
821630,261.1,-300.0,16.1,44.6,44.6,1081102907
821680,212.8,-300.0,0.0,29.7,44.6,1080727941
821730,180.8,-300.0,0.0,89.1,74.3,1080465476
821780,163.4,-300.0,0.0,74.3,59.4,1080323529
821830,152.5,-218.6,0.0,59.4,59.4,1080233996
821880,134.4,-300.0,0.0,74.3,74.3,1080085308
821930,109.9,-300.0,0.0,-14.9,-14.9,1079737479
821980,88.1,-300.0,0.0,14.9,29.7,1079378936
822030,72.7,-300.0,0.0,59.4,59.4,1079127956
822080,63.5,-184.5,0.0,14.9,-14.9,1078968988
822130,57.1,-129.1,0.0,0.0,-14.9,1078757434
822180,52.2,-96.4,0.0,0.0,0.0,1078599516
822230,49.5,-55.5,0.0,0.0,0.0,1078508634
822280,46.9,-50.8,0.0,0.0,0.0,1078425355
822330,45.2,-35.6,0.0,0.0,0.0,1078367061
822380,45.2,0.0,0.0,0.0,0.0,1078367061
822430,43.0,-42.9,0.0,0.0,0.0,1078296763
822480,43.0,0.0,0.0,0.0,0.0,1078296763
822530,42.1,-18.0,0.0,0.0,0.0,1078267216
822580,42.1,0.0,0.0,0.0,0.0,1078267216
822630,40.0,-42.6,0.0,0.0,0.0,1078197380
822680,40.0,0.0,0.0,0.0,0.0,1078197380
822730,42.1,42.2,0.0,0.0,0.0,1078266460
822780,42.1,0.0,0.0,0.0,0.0,1078266460
822830,50.5,167.5,0.0,0.0,0.0,1078540916
822880,50.5,0.0,0.0,0.0,0.0,1078540916
822930,73.4,300.0,0.0,0.0,0.0,1079139035
822980,89.2,300.0,47.4,0.0,0.0,1079397478
823030,102.3,262.8,48.2,0.0,0.0,1079612795
823080,114.5,244.0,54.8,0.0,0.0,1079812668
823130,131.5,300.0,94.5,0.0,0.0,1080061742
823180,142.1,213.2,74.1,29.7,44.6,1080149050
823230,146.9,95.2,35.6,89.1,89.1,1080188047
823280,159.5,252.6,108.1,14.9,14.9,1080291530
823330,292.0,300.0,111.4,74.3,59.4,1081229178
823380,384.7,300.0,111.4,118.8,118.8,1081608917
823430,449.6,300.0,111.4,89.1,104.0,1081874735
823480,346.8,-300.0,111.5,89.1,74.3,1081453780
823530,270.4,-300.0,26.4,89.1,89.1,1081140679
823580,234.0,-300.0,0.0,89.1,89.1,1080901245
823630,251.7,300.0,228.3,-14.9,0.0,1081046360
823680,278.5,300.0,258.2,148.5,133.7,1081173880
823730,285.2,135.2,204.5,282.2,252.5,1081201569
823780,296.6,226.6,251.1,178.2,193.1,1081247984
823830,287.1,-189.4,86.1,163.4,148.5,1081209205
823880,282.3,-96.5,115.2,118.8,133.7,1081189432
823930,312.2,300.0,295.7,104.0,74.3,1081311988
823980,319.0,136.9,242.8,207.9,237.6,1081340023
824030,403.6,300.0,111.4,267.3,267.3,1081686509
824080,339.2,-300.0,103.1,74.3,74.3,1081422783
824130,282.2,-300.0,39.5,74.3,74.3,1081189023
824180,242.5,-300.0,0.0,89.1,104.0,1080971385
824230,219.6,-300.0,0.0,74.3,14.9,1080783342
824280,215.2,-87.4,43.9,74.3,29.7,1080747559
824330,220.8,112.8,124.5,59.4,89.1,1080793780
824380,219.1,-35.0,67.7,118.8,118.8,1080779441
824430,199.3,-300.0,0.0,104.0,104.0,1080617033
824480,173.7,-300.0,0.0,0.0,14.9,1080407500
824530,149.5,-300.0,0.0,-14.9,29.7,1080209218
824580,132.8,-300.0,0.0,0.0,44.6,1080072878
824630,123.6,-185.0,0.0,0.0,74.3,1079960922
824680,119.5,-81.5,0.0,0.0,-14.9,1079894156
824730,116.4,-63.1,0.0,0.0,29.7,1079842504
824780,115.6,-14.1,0.0,0.0,44.6,1079830924
824830,113.1,-51.9,0.0,0.0,0.0,1079788411
824880,111.5,-30.3,0.0,0.0,14.9,1079763568
824930,109.9,-33.2,0.0,0.0,59.4,1079736347
824980,108.7,-23.3,0.0,0.0,-14.9,1079717292
825030,109.1,7.7,0.0,0.0,14.9,1079723615
825080,110.0,17.4,0.0,0.0,14.9,1079737871
825130,111.8,36.2,0.0,0.0,0.0,1079767511
825180,115.1,67.3,0.0,0.0,0.0,1079822666
825230,119.3,83.1,0.4,0.0,0.0,1079890765
825280,121.3,40.2,0.0,0.0,0.0,1079923689
825330,121.8,10.1,0.0,0.0,0.0,1079931990
825380,123.1,25.1,0.0,0.0,0.0,1079952547
825430,123.1,-0.4,0.0,0.0,0.0,1079952190
825480,122.7,-6.3,0.0,0.0,0.0,1079947026
825530,120.7,-40.4,0.0,0.0,0.0,1079913920
825580,113.9,-136.3,0.0,0.0,0.0,1079802272
825630,103.4,-209.4,0.0,0.0,0.0,1079630729
825680,93.1,-206.6,0.0,0.0,0.0,1079461497
825730,88.6,-90.6,0.0,0.0,0.0,1079387272
825780,85.4,-63.4,0.0,0.0,0.0,1079335314
825830,82.3,-62.4,0.0,0.0,0.0,1079284198
825880,79.2,-61.7,0.0,0.0,0.0,1079233671
825930,78.5,-13.2,0.0,0.0,0.0,1079222879
825980,82.3,74.8,0.0,0.0,0.0,1079284137
826030,120.0,300.0,81.7,0.0,0.0,1079902095
826080,207.0,300.0,178.6,0.0,0.0,1080680408
826130,252.9,300.0,229.7,104.0,104.0,1081056433
826180,292.8,300.0,274.2,207.9,207.9,1081232702
826230,322.9,300.0,307.7,193.1,178.2,1081355793
826280,334.6,234.7,296.5,207.9,222.8,1081403865
826330,414.5,300.0,111.4,237.6,252.5,1081731198
826380,385.0,-300.0,154.0,89.1,74.3,1081610123
826430,449.8,300.0,111.4,74.3,89.1,1081875579
826480,412.6,-300.0,184.9,163.4,148.5,1081723478
826530,399.3,-267.9,181.9,163.4,163.4,1081668617
826580,366.8,-300.0,133.8,148.5,178.2,1081535597
826630,332.9,-300.0,96.1,148.5,118.8,1081397017
826680,303.3,-300.0,63.0,104.0,89.1,1081275435
826730,275.6,-300.0,32.2,74.3,89.1,1081162065
826780,240.3,-300.0,0.0,59.4,89.1,1080953304
826830,206.6,-300.0,0.0,74.3,14.9,1080677297
826880,180.0,-300.0,0.0,14.9,14.9,1080459515
826930,159.6,-300.0,0.0,14.9,59.4,1080292323
826980,145.3,-285.7,0.0,44.6,59.4,1080175288
827030,142.5,-56.0,0.0,59.4,14.9,1080152347
827080,152.6,200.8,81.1,0.0,29.7,1080234591
827130,162.3,194.6,89.6,59.4,74.3,1080314281
827180,169.4,142.2,78.1,104.0,89.1,1080372521
827230,183.4,279.5,144.7,89.1,74.3,1080487018
827280,192.3,177.7,116.8,104.0,104.0,1080559792
827330,160.7,-300.0,0.0,104.0,118.8,1080301077
827380,138.3,-300.0,0.0,0.0,0.0,1080117518
827430,123.5,-295.7,0.0,0.0,14.9,1079959521
827480,111.3,-243.0,0.0,0.0,59.4,1079760465
827530,102.2,-182.1,0.0,0.0,0.0,1079611295
827580,97.7,-91.5,0.0,0.0,44.6,1079536367
827630,94.8,-58.0,0.0,0.0,0.0,1079488833
827680,94.8,1.4,0.0,0.0,29.7,1079489965
827730,107.8,259.0,52.8,0.0,44.6,1079702112
827780,122.6,295.3,82.8,0.0,44.6,1079944003
827830,125.4,56.7,0.0,104.0,74.3,1079990447
827880,117.2,-164.3,0.0,29.7,14.9,1079855841
827930,110.8,-127.0,0.0,0.0,44.6,1079751786
827980,106.1,-94.9,0.0,0.0,0.0,1079674032
828030,103.1,-60.4,0.0,0.0,29.7,1079624520
828080,97.9,-102.3,0.0,0.0,14.9,1079540710
828130,93.5,-89.6,0.0,0.0,0.0,1079467297
828180,89.4,-80.7,0.0,0.0,0.0,1079401162
828230,86.6,-56.5,0.0,0.0,0.0,1079354868
828280,84.9,-33.6,0.0,0.0,0.0,1079327377
828330,83.4,-29.5,0.0,0.0,0.0,1079303218
828380,82.4,-20.6,0.0,0.0,0.0,1079286307
828430,82.6,3.5,0.0,0.0,0.0,1079289215
828480,83.0,8.5,0.0,0.0,0.0,1079296165
828530,83.6,11.9,0.0,0.0,0.0,1079305946
828580,84.0,8.4,0.0,0.0,0.0,1079312792
828630,83.1,-18.1,0.0,0.0,0.0,1079297924
828680,82.5,-12.7,0.0,0.0,0.0,1079287516
828730,82.6,3.1,0.0,0.0,0.0,1079290061
828780,81.8,-15.8,0.0,0.0,0.0,1079277097
828830,80.7,-23.1,0.0,0.0,0.0,1079258192
828880,79.6,-22.2,0.0,0.0,0.0,1079240043
828930,79.1,-9.5,0.0,0.0,0.0,1079232254
828980,80.0,17.3,0.0,0.0,0.0,1079246463
829030,80.3,6.1,0.0,0.0,0.0,1079251493
829080,80.2,-1.7,0.0,0.0,0.0,1079250100
829130,81.3,22.8,0.0,0.0,0.0,1079268785
829180,81.2,-2.0,0.0,0.0,0.0,1079267119
829230,82.1,16.6,0.0,0.0,0.0,1079280698
829280,82.6,11.6,0.0,0.0,0.0,1079290204
829330,83.1,8.1,0.0,0.0,0.0,1079296858
829380,83.0,-0.3,0.0,0.0,0.0,1079296600
829430,83.0,0.0,0.0,0.0,0.0,1079296600
829480,83.0,-0.2,0.0,0.0,0.0,1079296420
829530,83.0,0.0,0.0,0.0,0.0,1079296420
829580,83.3,5.8,0.0,0.0,0.0,1079301209
829630,83.3,0.0,0.0,0.0,0.0,1079301209
829680,82.0,-25.9,0.0,0.0,0.0,1079279985
829730,82.0,0.0,0.0,0.0,0.0,1079279985
829780,81.4,-12.1,0.0,0.0,0.0,1079270044
829830,81.4,0.0,0.0,0.0,0.0,1079270044
829880,79.8,-32.5,0.0,0.0,0.0,1079243424
829930,79.0,-16.7,0.0,0.0,0.0,1079229706
829980,77.2,-35.7,0.0,0.0,0.0,1079200442
830030,77.7,11.0,0.0,0.0,0.0,1079209448
830080,77.2,-10.3,0.0,0.0,0.0,1079201007
830130,77.1,-1.2,0.0,0.0,0.0,1079200014
830180,76.2,-18.8,0.0,0.0,0.0,1079184573
830230,76.1,-1.2,0.0,0.0,0.0,1079183594
830280,76.7,11.2,0.0,0.0,0.0,1079192740
830330,76.5,-4.2,0.0,0.0,0.0,1079189311
830380,76.3,-2.9,0.0,0.0,0.0,1079186911
830430,76.2,-2.1,0.0,0.0,0.0,1079185231
830480,75.6,-13.4,0.0,0.0,0.0,1079174225
830530,76.6,20.6,0.0,0.0,0.0,1079191097
830580,76.1,-9.6,0.0,0.0,0.0,1079183246
830630,76.4,5.3,0.0,0.0,0.0,1079187581
830680,76.9,9.7,0.0,0.0,0.0,1079195530
830730,77.2,6.8,0.0,0.0,0.0,1079201095
830780,77.7,10.8,0.0,0.0,0.0,1079209906
830830,77.2,-10.5,0.0,0.0,0.0,1079201327
830880,77.5,4.7,0.0,0.0,0.0,1079205153
830930,77.3,-2.7,0.0,0.0,0.0,1079202916
830980,77.2,-1.9,0.0,0.0,0.0,1079201350
831030,77.2,-1.3,0.0,0.0,0.0,1079200253
831080,76.5,-12.9,0.0,0.0,0.0,1079189656
831130,77.6,20.9,0.0,0.0,0.0,1079206813
831180,77.7,2.7,0.0,0.0,0.0,1079208993
831230,77.5,-4.1,0.0,0.0,0.0,1079205604
831280,77.0,-8.9,0.0,0.0,0.0,1079198316
831330,77.0,-0.2,0.0,0.0,0.0,1079198130
831380,77.3,5.8,0.0,0.0,0.0,1079202915
831430,77.2,-1.9,0.0,0.0,0.0,1079201349
831480,76.6,-13.3,0.0,0.0,0.0,1079190423
831530,77.3,14.7,0.0,0.0,0.0,1079202435
831580,77.2,-1.7,0.0,0.0,0.0,1079201013
831630,76.8,-7.2,0.0,0.0,0.0,1079195103
831680,76.9,0.9,0.0,0.0,0.0,1079195880
831730,76.9,0.7,0.0,0.0,0.0,1079196425
831780,76.6,-5.5,0.0,0.0,0.0,1079191891
831830,76.8,2.1,0.0,0.0,0.0,1079193632
831880,75.9,-16.5,0.0,0.0,0.0,1079180106
831930,76.5,12.4,0.0,0.0,0.0,1079190298
831980,76.4,-3.3,0.0,0.0,0.0,1079187602
832030,76.0,-8.3,0.0,0.0,0.0,1079180800
832080,75.7,-5.8,0.0,0.0,0.0,1079176038
832130,76.7,19.9,0.0,0.0,0.0,1079192366
832180,76.5,-4.0,0.0,0.0,0.0,1079189049
832230,77.5,21.2,0.0,0.0,0.0,1079206389
832280,78.0,8.8,0.0,0.0,0.0,1079213611
832330,78.3,6.2,0.0,0.0,0.0,1079218667
832380,77.6,-13.7,0.0,0.0,0.0,1079207460
832430,77.7,2.4,0.0,0.0,0.0,1079209446
832480,77.2,-10.3,0.0,0.0,0.0,1079201006
832530,76.8,-7.2,0.0,0.0,0.0,1079195097
832580,76.9,1.0,0.0,0.0,0.0,1079195877
832630,76.9,0.7,0.0,0.0,0.0,1079196423
832680,77.2,6.5,0.0,0.0,0.0,1079201720
832730,77.5,4.5,0.0,0.0,0.0,1079205428
832780,77.6,3.2,0.0,0.0,0.0,1079208023
832830,77.1,-9.8,0.0,0.0,0.0,1079200010
832880,77.1,-0.8,0.0,0.0,0.0,1079199316
832930,77.1,-0.6,0.0,0.0,0.0,1079198830
832980,77.0,-0.4,0.0,0.0,0.0,1079198489
833030,77.0,-0.3,0.0,0.0,0.0,1079198251
833080,77.0,-0.2,0.0,0.0,0.0,1079198084
833130,77.0,-0.1,0.0,0.0,0.0,1079197968
833180,77.0,-0.1,0.0,0.0,0.0,1079197886
833230,76.1,-18.1,0.0,0.0,0.0,1079183083
833280,75.5,-12.6,0.0,0.0,0.0,1079172721
833330,75.9,9.1,0.0,0.0,0.0,1079180214
833380,76.9,18.4,0.0,0.0,0.0,1079195289
833430,76.6,-5.1,0.0,0.0,0.0,1079191096
833480,76.1,-9.6,0.0,0.0,0.0,1079183245
